-- --------------------------------------------------------
-- Host:                         127.0.0.1
-- Versión del servidor:         10.4.32-MariaDB - mariadb.org binary distribution
-- SO del servidor:              Win64
-- HeidiSQL Versión:             12.1.0.6537
-- --------------------------------------------------------

/*!40101 SET @OLD_CHARACTER_SET_CLIENT=@@CHARACTER_SET_CLIENT */;
/*!40101 SET NAMES utf8 */;
/*!50503 SET NAMES utf8mb4 */;
/*!40103 SET @OLD_TIME_ZONE=@@TIME_ZONE */;
/*!40103 SET TIME_ZONE='+00:00' */;
/*!40014 SET @OLD_FOREIGN_KEY_CHECKS=@@FOREIGN_KEY_CHECKS, FOREIGN_KEY_CHECKS=0 */;
/*!40101 SET @OLD_SQL_MODE=@@SQL_MODE, SQL_MODE='NO_AUTO_VALUE_ON_ZERO' */;
/*!40111 SET @OLD_SQL_NOTES=@@SQL_NOTES, SQL_NOTES=0 */;


-- Volcando estructura de base de datos para encuesta
CREATE DATABASE IF NOT EXISTS `encuesta` /*!40100 DEFAULT CHARACTER SET armscii8 COLLATE armscii8_bin */;
USE `encuesta`;

-- Volcando estructura para tabla encuesta.encuestas
CREATE TABLE IF NOT EXISTS `encuestas` (
  `id` bigint(20) unsigned NOT NULL AUTO_INCREMENT,
  `fecha` timestamp NOT NULL DEFAULT current_timestamp(),
  PRIMARY KEY (`id`)
) ENGINE=InnoDB AUTO_INCREMENT=151 DEFAULT CHARSET=armscii8 COLLATE=armscii8_bin;

-- Volcando datos para la tabla encuesta.encuestas: ~150 rows (aproximadamente)
INSERT INTO `encuestas` (`id`, `fecha`) VALUES
	(1, '2025-01-27 03:13:48'),
	(2, '2025-01-27 03:13:48'),
	(3, '2025-01-27 03:13:48'),
	(4, '2025-01-27 03:13:48'),
	(5, '2025-01-27 03:13:48'),
	(6, '2025-01-27 03:13:48'),
	(7, '2025-01-27 03:13:48'),
	(8, '2025-01-27 03:13:48'),
	(9, '2025-01-27 03:13:48'),
	(10, '2025-01-27 03:13:48'),
	(11, '2025-01-27 03:13:48'),
	(12, '2025-01-27 03:13:48'),
	(13, '2025-01-27 03:13:48'),
	(14, '2025-01-27 03:13:48'),
	(15, '2025-01-27 03:13:48'),
	(16, '2025-01-27 03:13:48'),
	(17, '2025-01-27 03:13:48'),
	(18, '2025-01-27 03:13:48'),
	(19, '2025-01-27 03:13:48'),
	(20, '2025-01-27 03:13:48'),
	(21, '2025-01-27 03:13:48'),
	(22, '2025-01-27 03:13:48'),
	(23, '2025-01-27 03:13:48'),
	(24, '2025-01-27 03:13:48'),
	(25, '2025-01-27 03:13:48'),
	(26, '2025-01-27 03:13:48'),
	(27, '2025-01-27 03:13:48'),
	(28, '2025-01-27 03:13:48'),
	(29, '2025-01-27 03:13:48'),
	(30, '2025-01-27 03:13:48'),
	(31, '2025-01-27 03:13:48'),
	(32, '2025-01-27 03:13:48'),
	(33, '2025-01-27 03:13:48'),
	(34, '2025-01-27 03:13:48'),
	(35, '2025-01-27 03:13:48'),
	(36, '2025-01-27 03:13:48'),
	(37, '2025-01-27 03:13:48'),
	(38, '2025-01-27 03:13:48'),
	(39, '2025-01-27 03:13:48'),
	(40, '2025-01-27 03:13:48'),
	(41, '2025-01-27 03:13:48'),
	(42, '2025-01-27 03:13:48'),
	(43, '2025-01-27 03:13:48'),
	(44, '2025-01-27 03:13:48'),
	(45, '2025-01-27 03:13:48'),
	(46, '2025-01-27 03:13:48'),
	(47, '2025-01-27 03:13:48'),
	(48, '2025-01-27 03:13:48'),
	(49, '2025-01-27 03:13:48'),
	(50, '2025-01-27 03:13:48'),
	(51, '2025-01-27 03:13:48'),
	(52, '2025-01-27 03:13:48'),
	(53, '2025-01-27 03:13:48'),
	(54, '2025-01-27 03:13:48'),
	(55, '2025-01-27 03:13:48'),
	(56, '2025-01-27 03:13:48'),
	(57, '2025-01-27 03:13:48'),
	(58, '2025-01-27 03:13:48'),
	(59, '2025-01-27 03:13:48'),
	(60, '2025-01-27 03:13:48'),
	(61, '2025-01-27 03:13:48'),
	(62, '2025-01-27 03:13:48'),
	(63, '2025-01-27 03:13:48'),
	(64, '2025-01-27 03:13:48'),
	(65, '2025-01-27 03:13:48'),
	(66, '2025-01-27 03:13:48'),
	(67, '2025-01-27 03:13:48'),
	(68, '2025-01-27 03:13:48'),
	(69, '2025-01-27 03:13:48'),
	(70, '2025-01-27 03:13:48'),
	(71, '2025-01-27 03:13:48'),
	(72, '2025-01-27 03:13:48'),
	(73, '2025-01-27 03:13:48'),
	(74, '2025-01-27 03:13:48'),
	(75, '2025-01-27 03:13:48'),
	(76, '2025-01-27 03:13:48'),
	(77, '2025-01-27 03:13:48'),
	(78, '2025-01-27 03:13:48'),
	(79, '2025-01-27 03:13:48'),
	(80, '2025-01-27 03:13:48'),
	(81, '2025-01-27 03:13:48'),
	(82, '2025-01-27 03:13:48'),
	(83, '2025-01-27 03:13:48'),
	(84, '2025-01-27 03:13:48'),
	(85, '2025-01-27 03:13:48'),
	(86, '2025-01-27 03:13:48'),
	(87, '2025-01-27 03:13:48'),
	(88, '2025-01-27 03:13:48'),
	(89, '2025-01-27 03:13:48'),
	(90, '2025-01-27 03:13:48'),
	(91, '2025-01-27 03:13:48'),
	(92, '2025-01-27 03:13:48'),
	(93, '2025-01-27 03:13:48'),
	(94, '2025-01-27 03:13:48'),
	(95, '2025-01-27 03:13:48'),
	(96, '2025-01-27 03:13:48'),
	(97, '2025-01-27 03:13:48'),
	(98, '2025-01-27 03:13:48'),
	(99, '2025-01-27 03:13:48'),
	(100, '2025-01-27 03:13:48'),
	(101, '2025-01-27 03:13:48'),
	(102, '2025-01-27 03:13:48'),
	(103, '2025-01-27 03:13:48'),
	(104, '2025-01-27 03:13:48'),
	(105, '2025-01-27 03:13:48'),
	(106, '2025-01-27 03:13:48'),
	(107, '2025-01-27 03:13:48'),
	(108, '2025-01-27 03:13:48'),
	(109, '2025-01-27 03:13:48'),
	(110, '2025-01-27 03:13:48'),
	(111, '2025-01-27 03:13:48'),
	(112, '2025-01-27 03:13:48'),
	(113, '2025-01-27 03:13:48'),
	(114, '2025-01-27 03:13:48'),
	(115, '2025-01-27 03:13:48'),
	(116, '2025-01-27 03:13:48'),
	(117, '2025-01-27 03:13:48'),
	(118, '2025-01-27 03:13:48'),
	(119, '2025-01-27 03:13:48'),
	(120, '2025-01-27 03:13:48'),
	(121, '2025-01-27 03:13:48'),
	(122, '2025-01-27 03:13:48'),
	(123, '2025-01-27 03:13:48'),
	(124, '2025-01-27 03:13:48'),
	(125, '2025-01-27 03:13:48'),
	(126, '2025-01-27 03:13:48'),
	(127, '2025-01-27 03:13:48'),
	(128, '2025-01-27 03:13:48'),
	(129, '2025-01-27 03:13:48'),
	(130, '2025-01-27 03:13:48'),
	(131, '2025-01-27 03:13:48'),
	(132, '2025-01-27 03:13:48'),
	(133, '2025-01-27 03:13:48'),
	(134, '2025-01-27 03:13:48'),
	(135, '2025-01-27 03:13:48'),
	(136, '2025-01-27 03:13:48'),
	(137, '2025-01-27 03:13:48'),
	(138, '2025-01-27 03:13:48'),
	(139, '2025-01-27 03:13:48'),
	(140, '2025-01-27 03:13:48'),
	(141, '2025-01-27 03:13:48'),
	(142, '2025-01-27 03:13:48'),
	(143, '2025-01-27 03:13:48'),
	(144, '2025-01-27 03:13:48'),
	(145, '2025-01-27 03:13:48'),
	(146, '2025-01-27 03:13:48'),
	(147, '2025-01-27 03:13:48'),
	(148, '2025-01-27 03:13:48'),
	(149, '2025-01-27 03:13:48'),
	(150, '2025-01-27 03:13:48');

-- Volcando estructura para tabla encuesta.opciones
CREATE TABLE IF NOT EXISTS `opciones` (
  `id` bigint(20) unsigned NOT NULL AUTO_INCREMENT,
  `id_pregunta` int(11) DEFAULT NULL,
  `texto` varchar(255) NOT NULL,
  `codigo` char(1) NOT NULL,
  PRIMARY KEY (`id`) USING BTREE
) ENGINE=InnoDB AUTO_INCREMENT=52 DEFAULT CHARSET=armscii8 COLLATE=armscii8_bin;

-- Volcando datos para la tabla encuesta.opciones: ~51 rows (aproximadamente)
INSERT INTO `opciones` (`id`, `id_pregunta`, `texto`, `codigo`) VALUES
	(1, 2, 'Hombre', 'a'),
	(2, 2, 'Mujer', 'b'),
	(3, 4, 'Soltero/a', 'a'),
	(4, 4, 'Casado/a', 'b'),
	(5, 4, 'Divorciado/a', 'c'),
	(6, 4, 'Concubino/a', 'd'),
	(7, 4, 'Viudo/a', 'f'),
	(8, 5, 'Principiante', 'a'),
	(9, 5, 'Intermedio', 'b'),
	(10, 5, 'Avanzado', 'c'),
	(11, 5, 'No tengo Experiencia', 'd'),
	(12, 6, 'Ninguno', 'a'),
	(13, 6, '6 meses', 'b'),
	(14, 6, '1 a 2', 'c'),
	(15, 6, '2 a 10', 'd'),
	(16, 7, 'Ninguno', 'a'),
	(17, 7, '1 a 2', 'b'),
	(18, 7, '2 a 5', 'c'),
	(19, 7, 'mas de 5', 'd'),
	(20, 8, 'Inteligencia artificial', 'a'),
	(21, 8, 'Seguridad informatica', 'b'),
	(22, 8, 'Desarrollo de software', 'c'),
	(23, 8, 'Redes y Comunicaciones', 'd'),
	(24, 8, 'Ciencia de Datos', 'e'),
	(25, 9, 'Si', 'a'),
	(26, 9, 'No', 'b'),
	(27, 10, 'Si', 'a'),
	(28, 10, 'No', 'b'),
	(29, 11, 'Interes por la tecnologia', 'a'),
	(30, 11, 'Oportunidades laborales', 'b'),
	(31, 11, 'Desarrollo de habilidades', 'c'),
	(32, 11, 'Resolucion de problemas', 'd'),
	(33, 12, 'Finalizar mis estudios', 'a'),
	(34, 12, 'Especializarme en un area', 'b'),
	(35, 12, 'Conseguir empleo', 'c'),
	(36, 12, 'Emprender en informatica', 'd'),
	(37, 13, 'Nunca', 'a'),
	(38, 13, 'Rara vez', 'b'),
	(39, 13, 'A veces', 'c'),
	(40, 13, 'Frecuentemente', 'd'),
	(41, 13, 'Siempre', 'e'),
	(42, 14, 'Si', 'a'),
	(43, 14, 'No', 'b'),
	(44, 15, 'Muy insatisfecho', 'a'),
	(45, 15, 'Insatisfecho', 'b'),
	(46, 15, 'Neutral', 'c'),
	(47, 15, 'Satisfecho', 'd'),
	(48, 15, 'Muy satisfecho', 'e'),
	(49, 16, 'Falta de tiempo', 'a'),
	(50, 16, 'Falta de recursos educativos', 'b'),
	(51, 16, 'Dificultad para encontrar gu?as claras', 'c');

-- Volcando estructura para tabla encuesta.preguntas
CREATE TABLE IF NOT EXISTS `preguntas` (
  `id` bigint(20) unsigned NOT NULL AUTO_INCREMENT,
  `texto` varchar(255) NOT NULL,
  `categoria` varchar(100) NOT NULL,
  PRIMARY KEY (`id`) USING BTREE
) ENGINE=InnoDB AUTO_INCREMENT=17 DEFAULT CHARSET=armscii8 COLLATE=armscii8_bin;

-- Volcando datos para la tabla encuesta.preguntas: ~16 rows (aproximadamente)
INSERT INTO `preguntas` (`id`, `texto`, `categoria`) VALUES
	(1, 'Edad', 'Informacion Personal'),
	(2, 'Sexo', 'Informacion Personal'),
	(3, 'Semestre', 'Informacion Personal'),
	(4, 'Estado Civil', 'Informacion Personal'),
	(5, 'Cual es tu nivel de experiencia en programacion?', 'Nivel de estudios y experiencia'),
	(6, 'Podras indicar el tiempo de nivel de experiencia en programacion?', 'Nivel de estudios y experiencia'),
	(7, 'Cuantos proyectos relacionados con tu area de interes has completado en los ultimos 12 meses?', 'Nivel de estudios y experiencia'),
	(8, 'Cuales de las siguientes areas de la informatica te interesa mas?', 'Intereses en areas especificas'),
	(9, 'Te gustaria trabajar en investigacion academica dentro de tu area de interes en informatica?', 'Intereses en areas especificas'),
	(10, 'En los proximos 5 a?os planeas especializarte en un area de la informatica diferente a la que te interesa actualmente?', 'Intereses en areas especificas'),
	(11, 'Por que te interesa la informatica?', 'Motivos y Objetivos Profesionales'),
	(12, 'Cuales son tus metas?', 'Motivos y Objetivos Profesionales'),
	(13, 'Con que frecuencia sigues cursos o tutoriales en linea para mejorar en tu area de interes en informatica?', 'M?todos de aprendizaje y recursos'),
	(14, 'Consideras que las certificaciones profesionales son esenciales para destacar en tu area de interes en informatica?', 'M?todos de aprendizaje y recursos'),
	(15, 'Que tan satisfecho estas con los recursos educativos disponibles para aprender sobre tu area de interes en informatica?', 'M?todos de aprendizaje y recursos'),
	(16, 'Cuales son los principales desafios que enfrentas al aprender programacion?', 'M?todos de aprendizaje y recursos');

-- Volcando estructura para tabla encuesta.respuestas
CREATE TABLE IF NOT EXISTS `respuestas` (
  `id` bigint(20) unsigned NOT NULL AUTO_INCREMENT,
  `id_encuesta` int(11) DEFAULT NULL,
  `id_pregunta` int(11) DEFAULT NULL,
  `id_opcion` int(11) DEFAULT NULL,
  `respuesta_libre` varchar(255) DEFAULT NULL,
  PRIMARY KEY (`id`)
) ENGINE=InnoDB AUTO_INCREMENT=2401 DEFAULT CHARSET=armscii8 COLLATE=armscii8_bin;

-- Volcando datos para la tabla encuesta.respuestas: ~2.400 rows (aproximadamente)
INSERT INTO `respuestas` (`id`, `id_encuesta`, `id_pregunta`, `id_opcion`, `respuesta_libre`) VALUES
	(1, 1, 2, 0, NULL),
	(2, 1, 4, 0, NULL),
	(3, 1, 1, NULL, '23'),
	(4, 1, 3, NULL, '8'),
	(5, 1, 5, 0, NULL),
	(6, 1, 6, 0, NULL),
	(7, 1, 7, 0, NULL),
	(8, 1, 8, 0, NULL),
	(9, 1, 9, 0, NULL),
	(10, 1, 10, 0, NULL),
	(11, 1, 11, 0, NULL),
	(12, 1, 12, 0, NULL),
	(13, 1, 13, 0, NULL),
	(14, 1, 14, 0, NULL),
	(15, 1, 15, 0, NULL),
	(16, 1, 16, 0, NULL),
	(17, 2, 2, 0, NULL),
	(18, 2, 4, 0, NULL),
	(19, 2, 1, NULL, '22'),
	(20, 2, 3, NULL, '2'),
	(21, 2, 5, 0, NULL),
	(22, 2, 6, 0, NULL),
	(23, 2, 7, 0, NULL),
	(24, 2, 8, 0, NULL),
	(25, 2, 9, 0, NULL),
	(26, 2, 10, 0, NULL),
	(27, 2, 11, 0, NULL),
	(28, 2, 12, 0, NULL),
	(29, 2, 13, 0, NULL),
	(30, 2, 14, 0, NULL),
	(31, 2, 15, 0, NULL),
	(32, 2, 16, 0, NULL),
	(33, 3, 2, 0, NULL),
	(34, 3, 4, 0, NULL),
	(35, 3, 1, NULL, '24'),
	(36, 3, 3, NULL, '3'),
	(37, 3, 5, 0, NULL),
	(38, 3, 6, 0, NULL),
	(39, 3, 7, 0, NULL),
	(40, 3, 8, 0, NULL),
	(41, 3, 9, 0, NULL),
	(42, 3, 10, 0, NULL),
	(43, 3, 11, 0, NULL),
	(44, 3, 12, 0, NULL),
	(45, 3, 13, 0, NULL),
	(46, 3, 14, 0, NULL),
	(47, 3, 15, 0, NULL),
	(48, 3, 16, 0, NULL),
	(49, 4, 2, 0, NULL),
	(50, 4, 4, 0, NULL),
	(51, 4, 1, NULL, '24'),
	(52, 4, 3, NULL, '1'),
	(53, 4, 5, 0, NULL),
	(54, 4, 6, 0, NULL),
	(55, 4, 7, 0, NULL),
	(56, 4, 8, 0, NULL),
	(57, 4, 9, 0, NULL),
	(58, 4, 10, 0, NULL),
	(59, 4, 11, 0, NULL),
	(60, 4, 12, 0, NULL),
	(61, 4, 13, 0, NULL),
	(62, 4, 14, 0, NULL),
	(63, 4, 15, 0, NULL),
	(64, 4, 16, 0, NULL),
	(65, 5, 2, 0, NULL),
	(66, 5, 4, 0, NULL),
	(67, 5, 1, NULL, '22'),
	(68, 5, 3, NULL, '5'),
	(69, 5, 5, 0, NULL),
	(70, 5, 6, 0, NULL),
	(71, 5, 7, 0, NULL),
	(72, 5, 8, 0, NULL),
	(73, 5, 9, 0, NULL),
	(74, 5, 10, 0, NULL),
	(75, 5, 11, 0, NULL),
	(76, 5, 12, 0, NULL),
	(77, 5, 13, 0, NULL),
	(78, 5, 14, 0, NULL),
	(79, 5, 15, 0, NULL),
	(80, 5, 16, 0, NULL),
	(81, 6, 2, 0, NULL),
	(82, 6, 4, 0, NULL),
	(83, 6, 1, NULL, '20'),
	(84, 6, 3, NULL, '7'),
	(85, 6, 5, 0, NULL),
	(86, 6, 6, 0, NULL),
	(87, 6, 7, 0, NULL),
	(88, 6, 8, 0, NULL),
	(89, 6, 9, 0, NULL),
	(90, 6, 10, 0, NULL),
	(91, 6, 11, 0, NULL),
	(92, 6, 12, 0, NULL),
	(93, 6, 13, 0, NULL),
	(94, 6, 14, 0, NULL),
	(95, 6, 15, 0, NULL),
	(96, 6, 16, 0, NULL),
	(97, 7, 2, 0, NULL),
	(98, 7, 4, 0, NULL),
	(99, 7, 1, NULL, '19'),
	(100, 7, 3, NULL, '6'),
	(101, 7, 5, 0, NULL),
	(102, 7, 6, 0, NULL),
	(103, 7, 7, 0, NULL),
	(104, 7, 8, 0, NULL),
	(105, 7, 9, 0, NULL),
	(106, 7, 10, 0, NULL),
	(107, 7, 11, 0, NULL),
	(108, 7, 12, 0, NULL),
	(109, 7, 13, 0, NULL),
	(110, 7, 14, 0, NULL),
	(111, 7, 15, 0, NULL),
	(112, 7, 16, 0, NULL),
	(113, 8, 2, 0, NULL),
	(114, 8, 4, 0, NULL),
	(115, 8, 1, NULL, '21'),
	(116, 8, 3, NULL, '5'),
	(117, 8, 5, 0, NULL),
	(118, 8, 6, 0, NULL),
	(119, 8, 7, 0, NULL),
	(120, 8, 8, 0, NULL),
	(121, 8, 9, 0, NULL),
	(122, 8, 10, 0, NULL),
	(123, 8, 11, 0, NULL),
	(124, 8, 12, 0, NULL),
	(125, 8, 13, 0, NULL),
	(126, 8, 14, 0, NULL),
	(127, 8, 15, 0, NULL),
	(128, 8, 16, 0, NULL),
	(129, 9, 2, 0, NULL),
	(130, 9, 4, 0, NULL),
	(131, 9, 1, NULL, '19'),
	(132, 9, 3, NULL, '2'),
	(133, 9, 5, 0, NULL),
	(134, 9, 6, 0, NULL),
	(135, 9, 7, 0, NULL),
	(136, 9, 8, 0, NULL),
	(137, 9, 9, 0, NULL),
	(138, 9, 10, 0, NULL),
	(139, 9, 11, 0, NULL),
	(140, 9, 12, 0, NULL),
	(141, 9, 13, 0, NULL),
	(142, 9, 14, 0, NULL),
	(143, 9, 15, 0, NULL),
	(144, 9, 16, 0, NULL),
	(145, 10, 2, 0, NULL),
	(146, 10, 4, 0, NULL),
	(147, 10, 1, NULL, '22'),
	(148, 10, 3, NULL, '9'),
	(149, 10, 5, 0, NULL),
	(150, 10, 6, 0, NULL),
	(151, 10, 7, 0, NULL),
	(152, 10, 8, 0, NULL),
	(153, 10, 9, 0, NULL),
	(154, 10, 10, 0, NULL),
	(155, 10, 11, 0, NULL),
	(156, 10, 12, 0, NULL),
	(157, 10, 13, 0, NULL),
	(158, 10, 14, 0, NULL),
	(159, 10, 15, 0, NULL),
	(160, 10, 16, 0, NULL),
	(161, 11, 2, 0, NULL),
	(162, 11, 4, 0, NULL),
	(163, 11, 1, NULL, '20'),
	(164, 11, 3, NULL, '2'),
	(165, 11, 5, 0, NULL),
	(166, 11, 6, 0, NULL),
	(167, 11, 7, 0, NULL),
	(168, 11, 8, 0, NULL),
	(169, 11, 9, 0, NULL),
	(170, 11, 10, 0, NULL),
	(171, 11, 11, 0, NULL),
	(172, 11, 12, 0, NULL),
	(173, 11, 13, 0, NULL),
	(174, 11, 14, 0, NULL),
	(175, 11, 15, 0, NULL),
	(176, 11, 16, 0, NULL),
	(177, 12, 2, 0, NULL),
	(178, 12, 4, 0, NULL),
	(179, 12, 1, NULL, '24'),
	(180, 12, 3, NULL, '2'),
	(181, 12, 5, 0, NULL),
	(182, 12, 6, 0, NULL),
	(183, 12, 7, 0, NULL),
	(184, 12, 8, 0, NULL),
	(185, 12, 9, 0, NULL),
	(186, 12, 10, 0, NULL),
	(187, 12, 11, 0, NULL),
	(188, 12, 12, 0, NULL),
	(189, 12, 13, 0, NULL),
	(190, 12, 14, 0, NULL),
	(191, 12, 15, 0, NULL),
	(192, 12, 16, 0, NULL),
	(193, 13, 2, 0, NULL),
	(194, 13, 4, 0, NULL),
	(195, 13, 1, NULL, '20'),
	(196, 13, 3, NULL, '4'),
	(197, 13, 5, 0, NULL),
	(198, 13, 6, 0, NULL),
	(199, 13, 7, 0, NULL),
	(200, 13, 8, 0, NULL),
	(201, 13, 9, 0, NULL),
	(202, 13, 10, 0, NULL),
	(203, 13, 11, 0, NULL),
	(204, 13, 12, 0, NULL),
	(205, 13, 13, 0, NULL),
	(206, 13, 14, 0, NULL),
	(207, 13, 15, 0, NULL),
	(208, 13, 16, 0, NULL),
	(209, 14, 2, 0, NULL),
	(210, 14, 4, 0, NULL),
	(211, 14, 1, NULL, '24'),
	(212, 14, 3, NULL, '9'),
	(213, 14, 5, 0, NULL),
	(214, 14, 6, 0, NULL),
	(215, 14, 7, 0, NULL),
	(216, 14, 8, 0, NULL),
	(217, 14, 9, 0, NULL),
	(218, 14, 10, 0, NULL),
	(219, 14, 11, 0, NULL),
	(220, 14, 12, 0, NULL),
	(221, 14, 13, 0, NULL),
	(222, 14, 14, 0, NULL),
	(223, 14, 15, 0, NULL),
	(224, 14, 16, 0, NULL),
	(225, 15, 2, 0, NULL),
	(226, 15, 4, 0, NULL),
	(227, 15, 1, NULL, '19'),
	(228, 15, 3, NULL, '9'),
	(229, 15, 5, 0, NULL),
	(230, 15, 6, 0, NULL),
	(231, 15, 7, 0, NULL),
	(232, 15, 8, 0, NULL),
	(233, 15, 9, 0, NULL),
	(234, 15, 10, 0, NULL),
	(235, 15, 11, 0, NULL),
	(236, 15, 12, 0, NULL),
	(237, 15, 13, 0, NULL),
	(238, 15, 14, 0, NULL),
	(239, 15, 15, 0, NULL),
	(240, 15, 16, 0, NULL),
	(241, 16, 2, 0, NULL),
	(242, 16, 4, 0, NULL),
	(243, 16, 1, NULL, '20'),
	(244, 16, 3, NULL, '5'),
	(245, 16, 5, 0, NULL),
	(246, 16, 6, 0, NULL),
	(247, 16, 7, 0, NULL),
	(248, 16, 8, 0, NULL),
	(249, 16, 9, 0, NULL),
	(250, 16, 10, 0, NULL),
	(251, 16, 11, 0, NULL),
	(252, 16, 12, 0, NULL),
	(253, 16, 13, 0, NULL),
	(254, 16, 14, 0, NULL),
	(255, 16, 15, 0, NULL),
	(256, 16, 16, 0, NULL),
	(257, 17, 2, 0, NULL),
	(258, 17, 4, 0, NULL),
	(259, 17, 1, NULL, '21'),
	(260, 17, 3, NULL, '2'),
	(261, 17, 5, 0, NULL),
	(262, 17, 6, 0, NULL),
	(263, 17, 7, 0, NULL),
	(264, 17, 8, 0, NULL),
	(265, 17, 9, 0, NULL),
	(266, 17, 10, 0, NULL),
	(267, 17, 11, 0, NULL),
	(268, 17, 12, 0, NULL),
	(269, 17, 13, 0, NULL),
	(270, 17, 14, 0, NULL),
	(271, 17, 15, 0, NULL),
	(272, 17, 16, 0, NULL),
	(273, 18, 2, 0, NULL),
	(274, 18, 4, 0, NULL),
	(275, 18, 1, NULL, '20'),
	(276, 18, 3, NULL, '1'),
	(277, 18, 5, 0, NULL),
	(278, 18, 6, 0, NULL),
	(279, 18, 7, 0, NULL),
	(280, 18, 8, 0, NULL),
	(281, 18, 9, 0, NULL),
	(282, 18, 10, 0, NULL),
	(283, 18, 11, 0, NULL),
	(284, 18, 12, 0, NULL),
	(285, 18, 13, 0, NULL),
	(286, 18, 14, 0, NULL),
	(287, 18, 15, 0, NULL),
	(288, 18, 16, 0, NULL),
	(289, 19, 2, 0, NULL),
	(290, 19, 4, 0, NULL),
	(291, 19, 1, NULL, '25'),
	(292, 19, 3, NULL, '10'),
	(293, 19, 5, 0, NULL),
	(294, 19, 6, 0, NULL),
	(295, 19, 7, 0, NULL),
	(296, 19, 8, 0, NULL),
	(297, 19, 9, 0, NULL),
	(298, 19, 10, 0, NULL),
	(299, 19, 11, 0, NULL),
	(300, 19, 12, 0, NULL),
	(301, 19, 13, 0, NULL),
	(302, 19, 14, 0, NULL),
	(303, 19, 15, 0, NULL),
	(304, 19, 16, 0, NULL),
	(305, 20, 2, 0, NULL),
	(306, 20, 4, 0, NULL),
	(307, 20, 1, NULL, '24'),
	(308, 20, 3, NULL, '10'),
	(309, 20, 5, 0, NULL),
	(310, 20, 6, 0, NULL),
	(311, 20, 7, 0, NULL),
	(312, 20, 8, 0, NULL),
	(313, 20, 9, 0, NULL),
	(314, 20, 10, 0, NULL),
	(315, 20, 11, 0, NULL),
	(316, 20, 12, 0, NULL),
	(317, 20, 13, 0, NULL),
	(318, 20, 14, 0, NULL),
	(319, 20, 15, 0, NULL),
	(320, 20, 16, 0, NULL),
	(321, 21, 2, 0, NULL),
	(322, 21, 4, 0, NULL),
	(323, 21, 1, NULL, '22'),
	(324, 21, 3, NULL, '6'),
	(325, 21, 5, 0, NULL),
	(326, 21, 6, 0, NULL),
	(327, 21, 7, 0, NULL),
	(328, 21, 8, 0, NULL),
	(329, 21, 9, 0, NULL),
	(330, 21, 10, 0, NULL),
	(331, 21, 11, 0, NULL),
	(332, 21, 12, 0, NULL),
	(333, 21, 13, 0, NULL),
	(334, 21, 14, 0, NULL),
	(335, 21, 15, 0, NULL),
	(336, 21, 16, 0, NULL),
	(337, 22, 2, 0, NULL),
	(338, 22, 4, 0, NULL),
	(339, 22, 1, NULL, '19'),
	(340, 22, 3, NULL, '10'),
	(341, 22, 5, 0, NULL),
	(342, 22, 6, 0, NULL),
	(343, 22, 7, 0, NULL),
	(344, 22, 8, 0, NULL),
	(345, 22, 9, 0, NULL),
	(346, 22, 10, 0, NULL),
	(347, 22, 11, 0, NULL),
	(348, 22, 12, 0, NULL),
	(349, 22, 13, 0, NULL),
	(350, 22, 14, 0, NULL),
	(351, 22, 15, 0, NULL),
	(352, 22, 16, 0, NULL),
	(353, 23, 2, 0, NULL),
	(354, 23, 4, 0, NULL),
	(355, 23, 1, NULL, '19'),
	(356, 23, 3, NULL, '10'),
	(357, 23, 5, 0, NULL),
	(358, 23, 6, 0, NULL),
	(359, 23, 7, 0, NULL),
	(360, 23, 8, 0, NULL),
	(361, 23, 9, 0, NULL),
	(362, 23, 10, 0, NULL),
	(363, 23, 11, 0, NULL),
	(364, 23, 12, 0, NULL),
	(365, 23, 13, 0, NULL),
	(366, 23, 14, 0, NULL),
	(367, 23, 15, 0, NULL),
	(368, 23, 16, 0, NULL),
	(369, 24, 2, 0, NULL),
	(370, 24, 4, 0, NULL),
	(371, 24, 1, NULL, '19'),
	(372, 24, 3, NULL, '10'),
	(373, 24, 5, 0, NULL),
	(374, 24, 6, 0, NULL),
	(375, 24, 7, 0, NULL),
	(376, 24, 8, 0, NULL),
	(377, 24, 9, 0, NULL),
	(378, 24, 10, 0, NULL),
	(379, 24, 11, 0, NULL),
	(380, 24, 12, 0, NULL),
	(381, 24, 13, 0, NULL),
	(382, 24, 14, 0, NULL),
	(383, 24, 15, 0, NULL),
	(384, 24, 16, 0, NULL),
	(385, 25, 2, 0, NULL),
	(386, 25, 4, 0, NULL),
	(387, 25, 1, NULL, '20'),
	(388, 25, 3, NULL, '8'),
	(389, 25, 5, 0, NULL),
	(390, 25, 6, 0, NULL),
	(391, 25, 7, 0, NULL),
	(392, 25, 8, 0, NULL),
	(393, 25, 9, 0, NULL),
	(394, 25, 10, 0, NULL),
	(395, 25, 11, 0, NULL),
	(396, 25, 12, 0, NULL),
	(397, 25, 13, 0, NULL),
	(398, 25, 14, 0, NULL),
	(399, 25, 15, 0, NULL),
	(400, 25, 16, 0, NULL),
	(401, 26, 2, 0, NULL),
	(402, 26, 4, 0, NULL),
	(403, 26, 1, NULL, '24'),
	(404, 26, 3, NULL, '10'),
	(405, 26, 5, 0, NULL),
	(406, 26, 6, 0, NULL),
	(407, 26, 7, 0, NULL),
	(408, 26, 8, 0, NULL),
	(409, 26, 9, 0, NULL),
	(410, 26, 10, 0, NULL),
	(411, 26, 11, 0, NULL),
	(412, 26, 12, 0, NULL),
	(413, 26, 13, 0, NULL),
	(414, 26, 14, 0, NULL),
	(415, 26, 15, 0, NULL),
	(416, 26, 16, 0, NULL),
	(417, 27, 2, 0, NULL),
	(418, 27, 4, 0, NULL),
	(419, 27, 1, NULL, '21'),
	(420, 27, 3, NULL, '8'),
	(421, 27, 5, 0, NULL),
	(422, 27, 6, 0, NULL),
	(423, 27, 7, 0, NULL),
	(424, 27, 8, 0, NULL),
	(425, 27, 9, 0, NULL),
	(426, 27, 10, 0, NULL),
	(427, 27, 11, 0, NULL),
	(428, 27, 12, 0, NULL),
	(429, 27, 13, 0, NULL),
	(430, 27, 14, 0, NULL),
	(431, 27, 15, 0, NULL),
	(432, 27, 16, 0, NULL),
	(433, 28, 2, 0, NULL),
	(434, 28, 4, 0, NULL),
	(435, 28, 1, NULL, '24'),
	(436, 28, 3, NULL, '2'),
	(437, 28, 5, 0, NULL),
	(438, 28, 6, 0, NULL),
	(439, 28, 7, 0, NULL),
	(440, 28, 8, 0, NULL),
	(441, 28, 9, 0, NULL),
	(442, 28, 10, 0, NULL),
	(443, 28, 11, 0, NULL),
	(444, 28, 12, 0, NULL),
	(445, 28, 13, 0, NULL),
	(446, 28, 14, 0, NULL),
	(447, 28, 15, 0, NULL),
	(448, 28, 16, 0, NULL),
	(449, 29, 2, 0, NULL),
	(450, 29, 4, 0, NULL),
	(451, 29, 1, NULL, '24'),
	(452, 29, 3, NULL, '4'),
	(453, 29, 5, 0, NULL),
	(454, 29, 6, 0, NULL),
	(455, 29, 7, 0, NULL),
	(456, 29, 8, 0, NULL),
	(457, 29, 9, 0, NULL),
	(458, 29, 10, 0, NULL),
	(459, 29, 11, 0, NULL),
	(460, 29, 12, 0, NULL),
	(461, 29, 13, 0, NULL),
	(462, 29, 14, 0, NULL),
	(463, 29, 15, 0, NULL),
	(464, 29, 16, 0, NULL),
	(465, 30, 2, 0, NULL),
	(466, 30, 4, 0, NULL),
	(467, 30, 1, NULL, '20'),
	(468, 30, 3, NULL, '1'),
	(469, 30, 5, 0, NULL),
	(470, 30, 6, 0, NULL),
	(471, 30, 7, 0, NULL),
	(472, 30, 8, 0, NULL),
	(473, 30, 9, 0, NULL),
	(474, 30, 10, 0, NULL),
	(475, 30, 11, 0, NULL),
	(476, 30, 12, 0, NULL),
	(477, 30, 13, 0, NULL),
	(478, 30, 14, 0, NULL),
	(479, 30, 15, 0, NULL),
	(480, 30, 16, 0, NULL),
	(481, 31, 2, 0, NULL),
	(482, 31, 4, 0, NULL),
	(483, 31, 1, NULL, '24'),
	(484, 31, 3, NULL, '6'),
	(485, 31, 5, 0, NULL),
	(486, 31, 6, 0, NULL),
	(487, 31, 7, 0, NULL),
	(488, 31, 8, 0, NULL),
	(489, 31, 9, 0, NULL),
	(490, 31, 10, 0, NULL),
	(491, 31, 11, 0, NULL),
	(492, 31, 12, 0, NULL),
	(493, 31, 13, 0, NULL),
	(494, 31, 14, 0, NULL),
	(495, 31, 15, 0, NULL),
	(496, 31, 16, 0, NULL),
	(497, 32, 2, 0, NULL),
	(498, 32, 4, 0, NULL),
	(499, 32, 1, NULL, '20'),
	(500, 32, 3, NULL, '7'),
	(501, 32, 5, 0, NULL),
	(502, 32, 6, 0, NULL),
	(503, 32, 7, 0, NULL),
	(504, 32, 8, 0, NULL),
	(505, 32, 9, 0, NULL),
	(506, 32, 10, 0, NULL),
	(507, 32, 11, 0, NULL),
	(508, 32, 12, 0, NULL),
	(509, 32, 13, 0, NULL),
	(510, 32, 14, 0, NULL),
	(511, 32, 15, 0, NULL),
	(512, 32, 16, 0, NULL),
	(513, 33, 2, 0, NULL),
	(514, 33, 4, 0, NULL),
	(515, 33, 1, NULL, '25'),
	(516, 33, 3, NULL, '7'),
	(517, 33, 5, 0, NULL),
	(518, 33, 6, 0, NULL),
	(519, 33, 7, 0, NULL),
	(520, 33, 8, 0, NULL),
	(521, 33, 9, 0, NULL),
	(522, 33, 10, 0, NULL),
	(523, 33, 11, 0, NULL),
	(524, 33, 12, 0, NULL),
	(525, 33, 13, 0, NULL),
	(526, 33, 14, 0, NULL),
	(527, 33, 15, 0, NULL),
	(528, 33, 16, 0, NULL),
	(529, 34, 2, 0, NULL),
	(530, 34, 4, 0, NULL),
	(531, 34, 1, NULL, '19'),
	(532, 34, 3, NULL, '10'),
	(533, 34, 5, 0, NULL),
	(534, 34, 6, 0, NULL),
	(535, 34, 7, 0, NULL),
	(536, 34, 8, 0, NULL),
	(537, 34, 9, 0, NULL),
	(538, 34, 10, 0, NULL),
	(539, 34, 11, 0, NULL),
	(540, 34, 12, 0, NULL),
	(541, 34, 13, 0, NULL),
	(542, 34, 14, 0, NULL),
	(543, 34, 15, 0, NULL),
	(544, 34, 16, 0, NULL),
	(545, 35, 2, 0, NULL),
	(546, 35, 4, 0, NULL),
	(547, 35, 1, NULL, '21'),
	(548, 35, 3, NULL, '5'),
	(549, 35, 5, 0, NULL),
	(550, 35, 6, 0, NULL),
	(551, 35, 7, 0, NULL),
	(552, 35, 8, 0, NULL),
	(553, 35, 9, 0, NULL),
	(554, 35, 10, 0, NULL),
	(555, 35, 11, 0, NULL),
	(556, 35, 12, 0, NULL),
	(557, 35, 13, 0, NULL),
	(558, 35, 14, 0, NULL),
	(559, 35, 15, 0, NULL),
	(560, 35, 16, 0, NULL),
	(561, 36, 2, 0, NULL),
	(562, 36, 4, 0, NULL),
	(563, 36, 1, NULL, '23'),
	(564, 36, 3, NULL, '7'),
	(565, 36, 5, 0, NULL),
	(566, 36, 6, 0, NULL),
	(567, 36, 7, 0, NULL),
	(568, 36, 8, 0, NULL),
	(569, 36, 9, 0, NULL),
	(570, 36, 10, 0, NULL),
	(571, 36, 11, 0, NULL),
	(572, 36, 12, 0, NULL),
	(573, 36, 13, 0, NULL),
	(574, 36, 14, 0, NULL),
	(575, 36, 15, 0, NULL),
	(576, 36, 16, 0, NULL),
	(577, 37, 2, 0, NULL),
	(578, 37, 4, 0, NULL),
	(579, 37, 1, NULL, '25'),
	(580, 37, 3, NULL, '5'),
	(581, 37, 5, 0, NULL),
	(582, 37, 6, 0, NULL),
	(583, 37, 7, 0, NULL),
	(584, 37, 8, 0, NULL),
	(585, 37, 9, 0, NULL),
	(586, 37, 10, 0, NULL),
	(587, 37, 11, 0, NULL),
	(588, 37, 12, 0, NULL),
	(589, 37, 13, 0, NULL),
	(590, 37, 14, 0, NULL),
	(591, 37, 15, 0, NULL),
	(592, 37, 16, 0, NULL),
	(593, 38, 2, 0, NULL),
	(594, 38, 4, 0, NULL),
	(595, 38, 1, NULL, '19'),
	(596, 38, 3, NULL, '7'),
	(597, 38, 5, 0, NULL),
	(598, 38, 6, 0, NULL),
	(599, 38, 7, 0, NULL),
	(600, 38, 8, 0, NULL),
	(601, 38, 9, 0, NULL),
	(602, 38, 10, 0, NULL),
	(603, 38, 11, 0, NULL),
	(604, 38, 12, 0, NULL),
	(605, 38, 13, 0, NULL),
	(606, 38, 14, 0, NULL),
	(607, 38, 15, 0, NULL),
	(608, 38, 16, 0, NULL),
	(609, 39, 2, 0, NULL),
	(610, 39, 4, 0, NULL),
	(611, 39, 1, NULL, '24'),
	(612, 39, 3, NULL, '1'),
	(613, 39, 5, 0, NULL),
	(614, 39, 6, 0, NULL),
	(615, 39, 7, 0, NULL),
	(616, 39, 8, 0, NULL),
	(617, 39, 9, 0, NULL),
	(618, 39, 10, 0, NULL),
	(619, 39, 11, 0, NULL),
	(620, 39, 12, 0, NULL),
	(621, 39, 13, 0, NULL),
	(622, 39, 14, 0, NULL),
	(623, 39, 15, 0, NULL),
	(624, 39, 16, 0, NULL),
	(625, 40, 2, 0, NULL),
	(626, 40, 4, 0, NULL),
	(627, 40, 1, NULL, '20'),
	(628, 40, 3, NULL, '6'),
	(629, 40, 5, 0, NULL),
	(630, 40, 6, 0, NULL),
	(631, 40, 7, 0, NULL),
	(632, 40, 8, 0, NULL),
	(633, 40, 9, 0, NULL),
	(634, 40, 10, 0, NULL),
	(635, 40, 11, 0, NULL),
	(636, 40, 12, 0, NULL),
	(637, 40, 13, 0, NULL),
	(638, 40, 14, 0, NULL),
	(639, 40, 15, 0, NULL),
	(640, 40, 16, 0, NULL),
	(641, 41, 2, 0, NULL),
	(642, 41, 4, 0, NULL),
	(643, 41, 1, NULL, '22'),
	(644, 41, 3, NULL, '8'),
	(645, 41, 5, 0, NULL),
	(646, 41, 6, 0, NULL),
	(647, 41, 7, 0, NULL),
	(648, 41, 8, 0, NULL),
	(649, 41, 9, 0, NULL),
	(650, 41, 10, 0, NULL),
	(651, 41, 11, 0, NULL),
	(652, 41, 12, 0, NULL),
	(653, 41, 13, 0, NULL),
	(654, 41, 14, 0, NULL),
	(655, 41, 15, 0, NULL),
	(656, 41, 16, 0, NULL),
	(657, 42, 2, 0, NULL),
	(658, 42, 4, 0, NULL),
	(659, 42, 1, NULL, '22'),
	(660, 42, 3, NULL, '9'),
	(661, 42, 5, 0, NULL),
	(662, 42, 6, 0, NULL),
	(663, 42, 7, 0, NULL),
	(664, 42, 8, 0, NULL),
	(665, 42, 9, 0, NULL),
	(666, 42, 10, 0, NULL),
	(667, 42, 11, 0, NULL),
	(668, 42, 12, 0, NULL),
	(669, 42, 13, 0, NULL),
	(670, 42, 14, 0, NULL),
	(671, 42, 15, 0, NULL),
	(672, 42, 16, 0, NULL),
	(673, 43, 2, 0, NULL),
	(674, 43, 4, 0, NULL),
	(675, 43, 1, NULL, '20'),
	(676, 43, 3, NULL, '2'),
	(677, 43, 5, 0, NULL),
	(678, 43, 6, 0, NULL),
	(679, 43, 7, 0, NULL),
	(680, 43, 8, 0, NULL),
	(681, 43, 9, 0, NULL),
	(682, 43, 10, 0, NULL),
	(683, 43, 11, 0, NULL),
	(684, 43, 12, 0, NULL),
	(685, 43, 13, 0, NULL),
	(686, 43, 14, 0, NULL),
	(687, 43, 15, 0, NULL),
	(688, 43, 16, 0, NULL),
	(689, 44, 2, 0, NULL),
	(690, 44, 4, 0, NULL),
	(691, 44, 1, NULL, '22'),
	(692, 44, 3, NULL, '10'),
	(693, 44, 5, 0, NULL),
	(694, 44, 6, 0, NULL),
	(695, 44, 7, 0, NULL),
	(696, 44, 8, 0, NULL),
	(697, 44, 9, 0, NULL),
	(698, 44, 10, 0, NULL),
	(699, 44, 11, 0, NULL),
	(700, 44, 12, 0, NULL),
	(701, 44, 13, 0, NULL),
	(702, 44, 14, 0, NULL),
	(703, 44, 15, 0, NULL),
	(704, 44, 16, 0, NULL),
	(705, 45, 2, 0, NULL),
	(706, 45, 4, 0, NULL),
	(707, 45, 1, NULL, '19'),
	(708, 45, 3, NULL, '3'),
	(709, 45, 5, 0, NULL),
	(710, 45, 6, 0, NULL),
	(711, 45, 7, 0, NULL),
	(712, 45, 8, 0, NULL),
	(713, 45, 9, 0, NULL),
	(714, 45, 10, 0, NULL),
	(715, 45, 11, 0, NULL),
	(716, 45, 12, 0, NULL),
	(717, 45, 13, 0, NULL),
	(718, 45, 14, 0, NULL),
	(719, 45, 15, 0, NULL),
	(720, 45, 16, 0, NULL),
	(721, 46, 2, 0, NULL),
	(722, 46, 4, 0, NULL),
	(723, 46, 1, NULL, '20'),
	(724, 46, 3, NULL, '6'),
	(725, 46, 5, 0, NULL),
	(726, 46, 6, 0, NULL),
	(727, 46, 7, 0, NULL),
	(728, 46, 8, 0, NULL),
	(729, 46, 9, 0, NULL),
	(730, 46, 10, 0, NULL),
	(731, 46, 11, 0, NULL),
	(732, 46, 12, 0, NULL),
	(733, 46, 13, 0, NULL),
	(734, 46, 14, 0, NULL),
	(735, 46, 15, 0, NULL),
	(736, 46, 16, 0, NULL),
	(737, 47, 2, 0, NULL),
	(738, 47, 4, 0, NULL),
	(739, 47, 1, NULL, '23'),
	(740, 47, 3, NULL, '3'),
	(741, 47, 5, 0, NULL),
	(742, 47, 6, 0, NULL),
	(743, 47, 7, 0, NULL),
	(744, 47, 8, 0, NULL),
	(745, 47, 9, 0, NULL),
	(746, 47, 10, 0, NULL),
	(747, 47, 11, 0, NULL),
	(748, 47, 12, 0, NULL),
	(749, 47, 13, 0, NULL),
	(750, 47, 14, 0, NULL),
	(751, 47, 15, 0, NULL),
	(752, 47, 16, 0, NULL),
	(753, 48, 2, 0, NULL),
	(754, 48, 4, 0, NULL),
	(755, 48, 1, NULL, '20'),
	(756, 48, 3, NULL, '8'),
	(757, 48, 5, 0, NULL),
	(758, 48, 6, 0, NULL),
	(759, 48, 7, 0, NULL),
	(760, 48, 8, 0, NULL),
	(761, 48, 9, 0, NULL),
	(762, 48, 10, 0, NULL),
	(763, 48, 11, 0, NULL),
	(764, 48, 12, 0, NULL),
	(765, 48, 13, 0, NULL),
	(766, 48, 14, 0, NULL),
	(767, 48, 15, 0, NULL),
	(768, 48, 16, 0, NULL),
	(769, 49, 2, 0, NULL),
	(770, 49, 4, 0, NULL),
	(771, 49, 1, NULL, '20'),
	(772, 49, 3, NULL, '9'),
	(773, 49, 5, 0, NULL),
	(774, 49, 6, 0, NULL),
	(775, 49, 7, 0, NULL),
	(776, 49, 8, 0, NULL),
	(777, 49, 9, 0, NULL),
	(778, 49, 10, 0, NULL),
	(779, 49, 11, 0, NULL),
	(780, 49, 12, 0, NULL),
	(781, 49, 13, 0, NULL),
	(782, 49, 14, 0, NULL),
	(783, 49, 15, 0, NULL),
	(784, 49, 16, 0, NULL),
	(785, 50, 2, 0, NULL),
	(786, 50, 4, 0, NULL),
	(787, 50, 1, NULL, '21'),
	(788, 50, 3, NULL, '5'),
	(789, 50, 5, 0, NULL),
	(790, 50, 6, 0, NULL),
	(791, 50, 7, 0, NULL),
	(792, 50, 8, 0, NULL),
	(793, 50, 9, 0, NULL),
	(794, 50, 10, 0, NULL),
	(795, 50, 11, 0, NULL),
	(796, 50, 12, 0, NULL),
	(797, 50, 13, 0, NULL),
	(798, 50, 14, 0, NULL),
	(799, 50, 15, 0, NULL),
	(800, 50, 16, 0, NULL),
	(801, 51, 2, 0, NULL),
	(802, 51, 4, 0, NULL),
	(803, 51, 1, NULL, '24'),
	(804, 51, 3, NULL, '3'),
	(805, 51, 5, 0, NULL),
	(806, 51, 6, 0, NULL),
	(807, 51, 7, 0, NULL),
	(808, 51, 8, 0, NULL),
	(809, 51, 9, 0, NULL),
	(810, 51, 10, 0, NULL),
	(811, 51, 11, 0, NULL),
	(812, 51, 12, 0, NULL),
	(813, 51, 13, 0, NULL),
	(814, 51, 14, 0, NULL),
	(815, 51, 15, 0, NULL),
	(816, 51, 16, 0, NULL),
	(817, 52, 2, 0, NULL),
	(818, 52, 4, 0, NULL),
	(819, 52, 1, NULL, '25'),
	(820, 52, 3, NULL, '1'),
	(821, 52, 5, 0, NULL),
	(822, 52, 6, 0, NULL),
	(823, 52, 7, 0, NULL),
	(824, 52, 8, 0, NULL),
	(825, 52, 9, 0, NULL),
	(826, 52, 10, 0, NULL),
	(827, 52, 11, 0, NULL),
	(828, 52, 12, 0, NULL),
	(829, 52, 13, 0, NULL),
	(830, 52, 14, 0, NULL),
	(831, 52, 15, 0, NULL),
	(832, 52, 16, 0, NULL),
	(833, 53, 2, 0, NULL),
	(834, 53, 4, 0, NULL),
	(835, 53, 1, NULL, '20'),
	(836, 53, 3, NULL, '7'),
	(837, 53, 5, 0, NULL),
	(838, 53, 6, 0, NULL),
	(839, 53, 7, 0, NULL),
	(840, 53, 8, 0, NULL),
	(841, 53, 9, 0, NULL),
	(842, 53, 10, 0, NULL),
	(843, 53, 11, 0, NULL),
	(844, 53, 12, 0, NULL),
	(845, 53, 13, 0, NULL),
	(846, 53, 14, 0, NULL),
	(847, 53, 15, 0, NULL),
	(848, 53, 16, 0, NULL),
	(849, 54, 2, 0, NULL),
	(850, 54, 4, 0, NULL),
	(851, 54, 1, NULL, '19'),
	(852, 54, 3, NULL, '6'),
	(853, 54, 5, 0, NULL),
	(854, 54, 6, 0, NULL),
	(855, 54, 7, 0, NULL),
	(856, 54, 8, 0, NULL),
	(857, 54, 9, 0, NULL),
	(858, 54, 10, 0, NULL),
	(859, 54, 11, 0, NULL),
	(860, 54, 12, 0, NULL),
	(861, 54, 13, 0, NULL),
	(862, 54, 14, 0, NULL),
	(863, 54, 15, 0, NULL),
	(864, 54, 16, 0, NULL),
	(865, 55, 2, 0, NULL),
	(866, 55, 4, 0, NULL),
	(867, 55, 1, NULL, '19'),
	(868, 55, 3, NULL, '6'),
	(869, 55, 5, 0, NULL),
	(870, 55, 6, 0, NULL),
	(871, 55, 7, 0, NULL),
	(872, 55, 8, 0, NULL),
	(873, 55, 9, 0, NULL),
	(874, 55, 10, 0, NULL),
	(875, 55, 11, 0, NULL),
	(876, 55, 12, 0, NULL),
	(877, 55, 13, 0, NULL),
	(878, 55, 14, 0, NULL),
	(879, 55, 15, 0, NULL),
	(880, 55, 16, 0, NULL),
	(881, 56, 2, 0, NULL),
	(882, 56, 4, 0, NULL),
	(883, 56, 1, NULL, '20'),
	(884, 56, 3, NULL, '6'),
	(885, 56, 5, 0, NULL),
	(886, 56, 6, 0, NULL),
	(887, 56, 7, 0, NULL),
	(888, 56, 8, 0, NULL),
	(889, 56, 9, 0, NULL),
	(890, 56, 10, 0, NULL),
	(891, 56, 11, 0, NULL),
	(892, 56, 12, 0, NULL),
	(893, 56, 13, 0, NULL),
	(894, 56, 14, 0, NULL),
	(895, 56, 15, 0, NULL),
	(896, 56, 16, 0, NULL),
	(897, 57, 2, 0, NULL),
	(898, 57, 4, 0, NULL),
	(899, 57, 1, NULL, '23'),
	(900, 57, 3, NULL, '8'),
	(901, 57, 5, 0, NULL),
	(902, 57, 6, 0, NULL),
	(903, 57, 7, 0, NULL),
	(904, 57, 8, 0, NULL),
	(905, 57, 9, 0, NULL),
	(906, 57, 10, 0, NULL),
	(907, 57, 11, 0, NULL),
	(908, 57, 12, 0, NULL),
	(909, 57, 13, 0, NULL),
	(910, 57, 14, 0, NULL),
	(911, 57, 15, 0, NULL),
	(912, 57, 16, 0, NULL),
	(913, 58, 2, 0, NULL),
	(914, 58, 4, 0, NULL),
	(915, 58, 1, NULL, '19'),
	(916, 58, 3, NULL, '5'),
	(917, 58, 5, 0, NULL),
	(918, 58, 6, 0, NULL),
	(919, 58, 7, 0, NULL),
	(920, 58, 8, 0, NULL),
	(921, 58, 9, 0, NULL),
	(922, 58, 10, 0, NULL),
	(923, 58, 11, 0, NULL),
	(924, 58, 12, 0, NULL),
	(925, 58, 13, 0, NULL),
	(926, 58, 14, 0, NULL),
	(927, 58, 15, 0, NULL),
	(928, 58, 16, 0, NULL),
	(929, 59, 2, 0, NULL),
	(930, 59, 4, 0, NULL),
	(931, 59, 1, NULL, '22'),
	(932, 59, 3, NULL, '5'),
	(933, 59, 5, 0, NULL),
	(934, 59, 6, 0, NULL),
	(935, 59, 7, 0, NULL),
	(936, 59, 8, 0, NULL),
	(937, 59, 9, 0, NULL),
	(938, 59, 10, 0, NULL),
	(939, 59, 11, 0, NULL),
	(940, 59, 12, 0, NULL),
	(941, 59, 13, 0, NULL),
	(942, 59, 14, 0, NULL),
	(943, 59, 15, 0, NULL),
	(944, 59, 16, 0, NULL),
	(945, 60, 2, 0, NULL),
	(946, 60, 4, 0, NULL),
	(947, 60, 1, NULL, '21'),
	(948, 60, 3, NULL, '7'),
	(949, 60, 5, 0, NULL),
	(950, 60, 6, 0, NULL),
	(951, 60, 7, 0, NULL),
	(952, 60, 8, 0, NULL),
	(953, 60, 9, 0, NULL),
	(954, 60, 10, 0, NULL),
	(955, 60, 11, 0, NULL),
	(956, 60, 12, 0, NULL),
	(957, 60, 13, 0, NULL),
	(958, 60, 14, 0, NULL),
	(959, 60, 15, 0, NULL),
	(960, 60, 16, 0, NULL),
	(961, 61, 2, 0, NULL),
	(962, 61, 4, 0, NULL),
	(963, 61, 1, NULL, '21'),
	(964, 61, 3, NULL, '8'),
	(965, 61, 5, 0, NULL),
	(966, 61, 6, 0, NULL),
	(967, 61, 7, 0, NULL),
	(968, 61, 8, 0, NULL),
	(969, 61, 9, 0, NULL),
	(970, 61, 10, 0, NULL),
	(971, 61, 11, 0, NULL),
	(972, 61, 12, 0, NULL),
	(973, 61, 13, 0, NULL),
	(974, 61, 14, 0, NULL),
	(975, 61, 15, 0, NULL),
	(976, 61, 16, 0, NULL),
	(977, 62, 2, 0, NULL),
	(978, 62, 4, 0, NULL),
	(979, 62, 1, NULL, '20'),
	(980, 62, 3, NULL, '7'),
	(981, 62, 5, 0, NULL),
	(982, 62, 6, 0, NULL),
	(983, 62, 7, 0, NULL),
	(984, 62, 8, 0, NULL),
	(985, 62, 9, 0, NULL),
	(986, 62, 10, 0, NULL),
	(987, 62, 11, 0, NULL),
	(988, 62, 12, 0, NULL),
	(989, 62, 13, 0, NULL),
	(990, 62, 14, 0, NULL),
	(991, 62, 15, 0, NULL),
	(992, 62, 16, 0, NULL),
	(993, 63, 2, 0, NULL),
	(994, 63, 4, 0, NULL),
	(995, 63, 1, NULL, '21'),
	(996, 63, 3, NULL, '4'),
	(997, 63, 5, 0, NULL),
	(998, 63, 6, 0, NULL),
	(999, 63, 7, 0, NULL),
	(1000, 63, 8, 0, NULL),
	(1001, 63, 9, 0, NULL),
	(1002, 63, 10, 0, NULL),
	(1003, 63, 11, 0, NULL),
	(1004, 63, 12, 0, NULL),
	(1005, 63, 13, 0, NULL),
	(1006, 63, 14, 0, NULL),
	(1007, 63, 15, 0, NULL),
	(1008, 63, 16, 0, NULL),
	(1009, 64, 2, 0, NULL),
	(1010, 64, 4, 0, NULL),
	(1011, 64, 1, NULL, '22'),
	(1012, 64, 3, NULL, '4'),
	(1013, 64, 5, 0, NULL),
	(1014, 64, 6, 0, NULL),
	(1015, 64, 7, 0, NULL),
	(1016, 64, 8, 0, NULL),
	(1017, 64, 9, 0, NULL),
	(1018, 64, 10, 0, NULL),
	(1019, 64, 11, 0, NULL),
	(1020, 64, 12, 0, NULL),
	(1021, 64, 13, 0, NULL),
	(1022, 64, 14, 0, NULL),
	(1023, 64, 15, 0, NULL),
	(1024, 64, 16, 0, NULL),
	(1025, 65, 2, 0, NULL),
	(1026, 65, 4, 0, NULL),
	(1027, 65, 1, NULL, '23'),
	(1028, 65, 3, NULL, '8'),
	(1029, 65, 5, 0, NULL),
	(1030, 65, 6, 0, NULL),
	(1031, 65, 7, 0, NULL),
	(1032, 65, 8, 0, NULL),
	(1033, 65, 9, 0, NULL),
	(1034, 65, 10, 0, NULL),
	(1035, 65, 11, 0, NULL),
	(1036, 65, 12, 0, NULL),
	(1037, 65, 13, 0, NULL),
	(1038, 65, 14, 0, NULL),
	(1039, 65, 15, 0, NULL),
	(1040, 65, 16, 0, NULL),
	(1041, 66, 2, 0, NULL),
	(1042, 66, 4, 0, NULL),
	(1043, 66, 1, NULL, '24'),
	(1044, 66, 3, NULL, '6'),
	(1045, 66, 5, 0, NULL),
	(1046, 66, 6, 0, NULL),
	(1047, 66, 7, 0, NULL),
	(1048, 66, 8, 0, NULL),
	(1049, 66, 9, 0, NULL),
	(1050, 66, 10, 0, NULL),
	(1051, 66, 11, 0, NULL),
	(1052, 66, 12, 0, NULL),
	(1053, 66, 13, 0, NULL),
	(1054, 66, 14, 0, NULL),
	(1055, 66, 15, 0, NULL),
	(1056, 66, 16, 0, NULL),
	(1057, 67, 2, 0, NULL),
	(1058, 67, 4, 0, NULL),
	(1059, 67, 1, NULL, '22'),
	(1060, 67, 3, NULL, '10'),
	(1061, 67, 5, 0, NULL),
	(1062, 67, 6, 0, NULL),
	(1063, 67, 7, 0, NULL),
	(1064, 67, 8, 0, NULL),
	(1065, 67, 9, 0, NULL),
	(1066, 67, 10, 0, NULL),
	(1067, 67, 11, 0, NULL),
	(1068, 67, 12, 0, NULL),
	(1069, 67, 13, 0, NULL),
	(1070, 67, 14, 0, NULL),
	(1071, 67, 15, 0, NULL),
	(1072, 67, 16, 0, NULL),
	(1073, 68, 2, 0, NULL),
	(1074, 68, 4, 0, NULL),
	(1075, 68, 1, NULL, '21'),
	(1076, 68, 3, NULL, '9'),
	(1077, 68, 5, 0, NULL),
	(1078, 68, 6, 0, NULL),
	(1079, 68, 7, 0, NULL),
	(1080, 68, 8, 0, NULL),
	(1081, 68, 9, 0, NULL),
	(1082, 68, 10, 0, NULL),
	(1083, 68, 11, 0, NULL),
	(1084, 68, 12, 0, NULL),
	(1085, 68, 13, 0, NULL),
	(1086, 68, 14, 0, NULL),
	(1087, 68, 15, 0, NULL),
	(1088, 68, 16, 0, NULL),
	(1089, 69, 2, 0, NULL),
	(1090, 69, 4, 0, NULL),
	(1091, 69, 1, NULL, '20'),
	(1092, 69, 3, NULL, '3'),
	(1093, 69, 5, 0, NULL),
	(1094, 69, 6, 0, NULL),
	(1095, 69, 7, 0, NULL),
	(1096, 69, 8, 0, NULL),
	(1097, 69, 9, 0, NULL),
	(1098, 69, 10, 0, NULL),
	(1099, 69, 11, 0, NULL),
	(1100, 69, 12, 0, NULL),
	(1101, 69, 13, 0, NULL),
	(1102, 69, 14, 0, NULL),
	(1103, 69, 15, 0, NULL),
	(1104, 69, 16, 0, NULL),
	(1105, 70, 2, 0, NULL),
	(1106, 70, 4, 0, NULL),
	(1107, 70, 1, NULL, '23'),
	(1108, 70, 3, NULL, '8'),
	(1109, 70, 5, 0, NULL),
	(1110, 70, 6, 0, NULL),
	(1111, 70, 7, 0, NULL),
	(1112, 70, 8, 0, NULL),
	(1113, 70, 9, 0, NULL),
	(1114, 70, 10, 0, NULL),
	(1115, 70, 11, 0, NULL),
	(1116, 70, 12, 0, NULL),
	(1117, 70, 13, 0, NULL),
	(1118, 70, 14, 0, NULL),
	(1119, 70, 15, 0, NULL),
	(1120, 70, 16, 0, NULL),
	(1121, 71, 2, 0, NULL),
	(1122, 71, 4, 0, NULL),
	(1123, 71, 1, NULL, '19'),
	(1124, 71, 3, NULL, '7'),
	(1125, 71, 5, 0, NULL),
	(1126, 71, 6, 0, NULL),
	(1127, 71, 7, 0, NULL),
	(1128, 71, 8, 0, NULL),
	(1129, 71, 9, 0, NULL),
	(1130, 71, 10, 0, NULL),
	(1131, 71, 11, 0, NULL),
	(1132, 71, 12, 0, NULL),
	(1133, 71, 13, 0, NULL),
	(1134, 71, 14, 0, NULL),
	(1135, 71, 15, 0, NULL),
	(1136, 71, 16, 0, NULL),
	(1137, 72, 2, 0, NULL),
	(1138, 72, 4, 0, NULL),
	(1139, 72, 1, NULL, '22'),
	(1140, 72, 3, NULL, '6'),
	(1141, 72, 5, 0, NULL),
	(1142, 72, 6, 0, NULL),
	(1143, 72, 7, 0, NULL),
	(1144, 72, 8, 0, NULL),
	(1145, 72, 9, 0, NULL),
	(1146, 72, 10, 0, NULL),
	(1147, 72, 11, 0, NULL),
	(1148, 72, 12, 0, NULL),
	(1149, 72, 13, 0, NULL),
	(1150, 72, 14, 0, NULL),
	(1151, 72, 15, 0, NULL),
	(1152, 72, 16, 0, NULL),
	(1153, 73, 2, 0, NULL),
	(1154, 73, 4, 0, NULL),
	(1155, 73, 1, NULL, '21'),
	(1156, 73, 3, NULL, '4'),
	(1157, 73, 5, 0, NULL),
	(1158, 73, 6, 0, NULL),
	(1159, 73, 7, 0, NULL),
	(1160, 73, 8, 0, NULL),
	(1161, 73, 9, 0, NULL),
	(1162, 73, 10, 0, NULL),
	(1163, 73, 11, 0, NULL),
	(1164, 73, 12, 0, NULL),
	(1165, 73, 13, 0, NULL),
	(1166, 73, 14, 0, NULL),
	(1167, 73, 15, 0, NULL),
	(1168, 73, 16, 0, NULL),
	(1169, 74, 2, 0, NULL),
	(1170, 74, 4, 0, NULL),
	(1171, 74, 1, NULL, '19'),
	(1172, 74, 3, NULL, '8'),
	(1173, 74, 5, 0, NULL),
	(1174, 74, 6, 0, NULL),
	(1175, 74, 7, 0, NULL),
	(1176, 74, 8, 0, NULL),
	(1177, 74, 9, 0, NULL),
	(1178, 74, 10, 0, NULL),
	(1179, 74, 11, 0, NULL),
	(1180, 74, 12, 0, NULL),
	(1181, 74, 13, 0, NULL),
	(1182, 74, 14, 0, NULL),
	(1183, 74, 15, 0, NULL),
	(1184, 74, 16, 0, NULL),
	(1185, 75, 2, 0, NULL),
	(1186, 75, 4, 0, NULL),
	(1187, 75, 1, NULL, '20'),
	(1188, 75, 3, NULL, '6'),
	(1189, 75, 5, 0, NULL),
	(1190, 75, 6, 0, NULL),
	(1191, 75, 7, 0, NULL),
	(1192, 75, 8, 0, NULL),
	(1193, 75, 9, 0, NULL),
	(1194, 75, 10, 0, NULL),
	(1195, 75, 11, 0, NULL),
	(1196, 75, 12, 0, NULL),
	(1197, 75, 13, 0, NULL),
	(1198, 75, 14, 0, NULL),
	(1199, 75, 15, 0, NULL),
	(1200, 75, 16, 0, NULL),
	(1201, 76, 2, 0, NULL),
	(1202, 76, 4, 0, NULL),
	(1203, 76, 1, NULL, '25'),
	(1204, 76, 3, NULL, '7'),
	(1205, 76, 5, 0, NULL),
	(1206, 76, 6, 0, NULL),
	(1207, 76, 7, 0, NULL),
	(1208, 76, 8, 0, NULL),
	(1209, 76, 9, 0, NULL),
	(1210, 76, 10, 0, NULL),
	(1211, 76, 11, 0, NULL),
	(1212, 76, 12, 0, NULL),
	(1213, 76, 13, 0, NULL),
	(1214, 76, 14, 0, NULL),
	(1215, 76, 15, 0, NULL),
	(1216, 76, 16, 0, NULL),
	(1217, 77, 2, 0, NULL),
	(1218, 77, 4, 0, NULL),
	(1219, 77, 1, NULL, '22'),
	(1220, 77, 3, NULL, '4'),
	(1221, 77, 5, 0, NULL),
	(1222, 77, 6, 0, NULL),
	(1223, 77, 7, 0, NULL),
	(1224, 77, 8, 0, NULL),
	(1225, 77, 9, 0, NULL),
	(1226, 77, 10, 0, NULL),
	(1227, 77, 11, 0, NULL),
	(1228, 77, 12, 0, NULL),
	(1229, 77, 13, 0, NULL),
	(1230, 77, 14, 0, NULL),
	(1231, 77, 15, 0, NULL),
	(1232, 77, 16, 0, NULL),
	(1233, 78, 2, 0, NULL),
	(1234, 78, 4, 0, NULL),
	(1235, 78, 1, NULL, '20'),
	(1236, 78, 3, NULL, '3'),
	(1237, 78, 5, 0, NULL),
	(1238, 78, 6, 0, NULL),
	(1239, 78, 7, 0, NULL),
	(1240, 78, 8, 0, NULL),
	(1241, 78, 9, 0, NULL),
	(1242, 78, 10, 0, NULL),
	(1243, 78, 11, 0, NULL),
	(1244, 78, 12, 0, NULL),
	(1245, 78, 13, 0, NULL),
	(1246, 78, 14, 0, NULL),
	(1247, 78, 15, 0, NULL),
	(1248, 78, 16, 0, NULL),
	(1249, 79, 2, 0, NULL),
	(1250, 79, 4, 0, NULL),
	(1251, 79, 1, NULL, '19'),
	(1252, 79, 3, NULL, '6'),
	(1253, 79, 5, 0, NULL),
	(1254, 79, 6, 0, NULL),
	(1255, 79, 7, 0, NULL),
	(1256, 79, 8, 0, NULL),
	(1257, 79, 9, 0, NULL),
	(1258, 79, 10, 0, NULL),
	(1259, 79, 11, 0, NULL),
	(1260, 79, 12, 0, NULL),
	(1261, 79, 13, 0, NULL),
	(1262, 79, 14, 0, NULL),
	(1263, 79, 15, 0, NULL),
	(1264, 79, 16, 0, NULL),
	(1265, 80, 2, 0, NULL),
	(1266, 80, 4, 0, NULL),
	(1267, 80, 1, NULL, '24'),
	(1268, 80, 3, NULL, '9'),
	(1269, 80, 5, 0, NULL),
	(1270, 80, 6, 0, NULL),
	(1271, 80, 7, 0, NULL),
	(1272, 80, 8, 0, NULL),
	(1273, 80, 9, 0, NULL),
	(1274, 80, 10, 0, NULL),
	(1275, 80, 11, 0, NULL),
	(1276, 80, 12, 0, NULL),
	(1277, 80, 13, 0, NULL),
	(1278, 80, 14, 0, NULL),
	(1279, 80, 15, 0, NULL),
	(1280, 80, 16, 0, NULL),
	(1281, 81, 2, 0, NULL),
	(1282, 81, 4, 0, NULL),
	(1283, 81, 1, NULL, '25'),
	(1284, 81, 3, NULL, '9'),
	(1285, 81, 5, 0, NULL),
	(1286, 81, 6, 0, NULL),
	(1287, 81, 7, 0, NULL),
	(1288, 81, 8, 0, NULL),
	(1289, 81, 9, 0, NULL),
	(1290, 81, 10, 0, NULL),
	(1291, 81, 11, 0, NULL),
	(1292, 81, 12, 0, NULL),
	(1293, 81, 13, 0, NULL),
	(1294, 81, 14, 0, NULL),
	(1295, 81, 15, 0, NULL),
	(1296, 81, 16, 0, NULL),
	(1297, 82, 2, 0, NULL),
	(1298, 82, 4, 0, NULL),
	(1299, 82, 1, NULL, '19'),
	(1300, 82, 3, NULL, '8'),
	(1301, 82, 5, 0, NULL),
	(1302, 82, 6, 0, NULL),
	(1303, 82, 7, 0, NULL),
	(1304, 82, 8, 0, NULL),
	(1305, 82, 9, 0, NULL),
	(1306, 82, 10, 0, NULL),
	(1307, 82, 11, 0, NULL),
	(1308, 82, 12, 0, NULL),
	(1309, 82, 13, 0, NULL),
	(1310, 82, 14, 0, NULL),
	(1311, 82, 15, 0, NULL),
	(1312, 82, 16, 0, NULL),
	(1313, 83, 2, 0, NULL),
	(1314, 83, 4, 0, NULL),
	(1315, 83, 1, NULL, '25'),
	(1316, 83, 3, NULL, '2'),
	(1317, 83, 5, 0, NULL),
	(1318, 83, 6, 0, NULL),
	(1319, 83, 7, 0, NULL),
	(1320, 83, 8, 0, NULL),
	(1321, 83, 9, 0, NULL),
	(1322, 83, 10, 0, NULL),
	(1323, 83, 11, 0, NULL),
	(1324, 83, 12, 0, NULL),
	(1325, 83, 13, 0, NULL),
	(1326, 83, 14, 0, NULL),
	(1327, 83, 15, 0, NULL),
	(1328, 83, 16, 0, NULL),
	(1329, 84, 2, 0, NULL),
	(1330, 84, 4, 0, NULL),
	(1331, 84, 1, NULL, '19'),
	(1332, 84, 3, NULL, '2'),
	(1333, 84, 5, 0, NULL),
	(1334, 84, 6, 0, NULL),
	(1335, 84, 7, 0, NULL),
	(1336, 84, 8, 0, NULL),
	(1337, 84, 9, 0, NULL),
	(1338, 84, 10, 0, NULL),
	(1339, 84, 11, 0, NULL),
	(1340, 84, 12, 0, NULL),
	(1341, 84, 13, 0, NULL),
	(1342, 84, 14, 0, NULL),
	(1343, 84, 15, 0, NULL),
	(1344, 84, 16, 0, NULL),
	(1345, 85, 2, 0, NULL),
	(1346, 85, 4, 0, NULL),
	(1347, 85, 1, NULL, '21'),
	(1348, 85, 3, NULL, '3'),
	(1349, 85, 5, 0, NULL),
	(1350, 85, 6, 0, NULL),
	(1351, 85, 7, 0, NULL),
	(1352, 85, 8, 0, NULL),
	(1353, 85, 9, 0, NULL),
	(1354, 85, 10, 0, NULL),
	(1355, 85, 11, 0, NULL),
	(1356, 85, 12, 0, NULL),
	(1357, 85, 13, 0, NULL),
	(1358, 85, 14, 0, NULL),
	(1359, 85, 15, 0, NULL),
	(1360, 85, 16, 0, NULL),
	(1361, 86, 2, 0, NULL),
	(1362, 86, 4, 0, NULL),
	(1363, 86, 1, NULL, '22'),
	(1364, 86, 3, NULL, '4'),
	(1365, 86, 5, 0, NULL),
	(1366, 86, 6, 0, NULL),
	(1367, 86, 7, 0, NULL),
	(1368, 86, 8, 0, NULL),
	(1369, 86, 9, 0, NULL),
	(1370, 86, 10, 0, NULL),
	(1371, 86, 11, 0, NULL),
	(1372, 86, 12, 0, NULL),
	(1373, 86, 13, 0, NULL),
	(1374, 86, 14, 0, NULL),
	(1375, 86, 15, 0, NULL),
	(1376, 86, 16, 0, NULL),
	(1377, 87, 2, 0, NULL),
	(1378, 87, 4, 0, NULL),
	(1379, 87, 1, NULL, '20'),
	(1380, 87, 3, NULL, '10'),
	(1381, 87, 5, 0, NULL),
	(1382, 87, 6, 0, NULL),
	(1383, 87, 7, 0, NULL),
	(1384, 87, 8, 0, NULL),
	(1385, 87, 9, 0, NULL),
	(1386, 87, 10, 0, NULL),
	(1387, 87, 11, 0, NULL),
	(1388, 87, 12, 0, NULL),
	(1389, 87, 13, 0, NULL),
	(1390, 87, 14, 0, NULL),
	(1391, 87, 15, 0, NULL),
	(1392, 87, 16, 0, NULL),
	(1393, 88, 2, 0, NULL),
	(1394, 88, 4, 0, NULL),
	(1395, 88, 1, NULL, '24'),
	(1396, 88, 3, NULL, '7'),
	(1397, 88, 5, 0, NULL),
	(1398, 88, 6, 0, NULL),
	(1399, 88, 7, 0, NULL),
	(1400, 88, 8, 0, NULL),
	(1401, 88, 9, 0, NULL),
	(1402, 88, 10, 0, NULL),
	(1403, 88, 11, 0, NULL),
	(1404, 88, 12, 0, NULL),
	(1405, 88, 13, 0, NULL),
	(1406, 88, 14, 0, NULL),
	(1407, 88, 15, 0, NULL),
	(1408, 88, 16, 0, NULL),
	(1409, 89, 2, 0, NULL),
	(1410, 89, 4, 0, NULL),
	(1411, 89, 1, NULL, '20'),
	(1412, 89, 3, NULL, '4'),
	(1413, 89, 5, 0, NULL),
	(1414, 89, 6, 0, NULL),
	(1415, 89, 7, 0, NULL),
	(1416, 89, 8, 0, NULL),
	(1417, 89, 9, 0, NULL),
	(1418, 89, 10, 0, NULL),
	(1419, 89, 11, 0, NULL),
	(1420, 89, 12, 0, NULL),
	(1421, 89, 13, 0, NULL),
	(1422, 89, 14, 0, NULL),
	(1423, 89, 15, 0, NULL),
	(1424, 89, 16, 0, NULL),
	(1425, 90, 2, 0, NULL),
	(1426, 90, 4, 0, NULL),
	(1427, 90, 1, NULL, '22'),
	(1428, 90, 3, NULL, '9'),
	(1429, 90, 5, 0, NULL),
	(1430, 90, 6, 0, NULL),
	(1431, 90, 7, 0, NULL),
	(1432, 90, 8, 0, NULL),
	(1433, 90, 9, 0, NULL),
	(1434, 90, 10, 0, NULL),
	(1435, 90, 11, 0, NULL),
	(1436, 90, 12, 0, NULL),
	(1437, 90, 13, 0, NULL),
	(1438, 90, 14, 0, NULL),
	(1439, 90, 15, 0, NULL),
	(1440, 90, 16, 0, NULL),
	(1441, 91, 2, 0, NULL),
	(1442, 91, 4, 0, NULL),
	(1443, 91, 1, NULL, '24'),
	(1444, 91, 3, NULL, '1'),
	(1445, 91, 5, 0, NULL),
	(1446, 91, 6, 0, NULL),
	(1447, 91, 7, 0, NULL),
	(1448, 91, 8, 0, NULL),
	(1449, 91, 9, 0, NULL),
	(1450, 91, 10, 0, NULL),
	(1451, 91, 11, 0, NULL),
	(1452, 91, 12, 0, NULL),
	(1453, 91, 13, 0, NULL),
	(1454, 91, 14, 0, NULL),
	(1455, 91, 15, 0, NULL),
	(1456, 91, 16, 0, NULL),
	(1457, 92, 2, 0, NULL),
	(1458, 92, 4, 0, NULL),
	(1459, 92, 1, NULL, '23'),
	(1460, 92, 3, NULL, '7'),
	(1461, 92, 5, 0, NULL),
	(1462, 92, 6, 0, NULL),
	(1463, 92, 7, 0, NULL),
	(1464, 92, 8, 0, NULL),
	(1465, 92, 9, 0, NULL),
	(1466, 92, 10, 0, NULL),
	(1467, 92, 11, 0, NULL),
	(1468, 92, 12, 0, NULL),
	(1469, 92, 13, 0, NULL),
	(1470, 92, 14, 0, NULL),
	(1471, 92, 15, 0, NULL),
	(1472, 92, 16, 0, NULL),
	(1473, 93, 2, 0, NULL),
	(1474, 93, 4, 0, NULL),
	(1475, 93, 1, NULL, '24'),
	(1476, 93, 3, NULL, '10'),
	(1477, 93, 5, 0, NULL),
	(1478, 93, 6, 0, NULL),
	(1479, 93, 7, 0, NULL),
	(1480, 93, 8, 0, NULL),
	(1481, 93, 9, 0, NULL),
	(1482, 93, 10, 0, NULL),
	(1483, 93, 11, 0, NULL),
	(1484, 93, 12, 0, NULL),
	(1485, 93, 13, 0, NULL),
	(1486, 93, 14, 0, NULL),
	(1487, 93, 15, 0, NULL),
	(1488, 93, 16, 0, NULL),
	(1489, 94, 2, 0, NULL),
	(1490, 94, 4, 0, NULL),
	(1491, 94, 1, NULL, '22'),
	(1492, 94, 3, NULL, '6'),
	(1493, 94, 5, 0, NULL),
	(1494, 94, 6, 0, NULL),
	(1495, 94, 7, 0, NULL),
	(1496, 94, 8, 0, NULL),
	(1497, 94, 9, 0, NULL),
	(1498, 94, 10, 0, NULL),
	(1499, 94, 11, 0, NULL),
	(1500, 94, 12, 0, NULL),
	(1501, 94, 13, 0, NULL),
	(1502, 94, 14, 0, NULL),
	(1503, 94, 15, 0, NULL),
	(1504, 94, 16, 0, NULL),
	(1505, 95, 2, 0, NULL),
	(1506, 95, 4, 0, NULL),
	(1507, 95, 1, NULL, '24'),
	(1508, 95, 3, NULL, '2'),
	(1509, 95, 5, 0, NULL),
	(1510, 95, 6, 0, NULL),
	(1511, 95, 7, 0, NULL),
	(1512, 95, 8, 0, NULL),
	(1513, 95, 9, 0, NULL),
	(1514, 95, 10, 0, NULL),
	(1515, 95, 11, 0, NULL),
	(1516, 95, 12, 0, NULL),
	(1517, 95, 13, 0, NULL),
	(1518, 95, 14, 0, NULL),
	(1519, 95, 15, 0, NULL),
	(1520, 95, 16, 0, NULL),
	(1521, 96, 2, 0, NULL),
	(1522, 96, 4, 0, NULL),
	(1523, 96, 1, NULL, '23'),
	(1524, 96, 3, NULL, '6'),
	(1525, 96, 5, 0, NULL),
	(1526, 96, 6, 0, NULL),
	(1527, 96, 7, 0, NULL),
	(1528, 96, 8, 0, NULL),
	(1529, 96, 9, 0, NULL),
	(1530, 96, 10, 0, NULL),
	(1531, 96, 11, 0, NULL),
	(1532, 96, 12, 0, NULL),
	(1533, 96, 13, 0, NULL),
	(1534, 96, 14, 0, NULL),
	(1535, 96, 15, 0, NULL),
	(1536, 96, 16, 0, NULL),
	(1537, 97, 2, 0, NULL),
	(1538, 97, 4, 0, NULL),
	(1539, 97, 1, NULL, '24'),
	(1540, 97, 3, NULL, '7'),
	(1541, 97, 5, 0, NULL),
	(1542, 97, 6, 0, NULL),
	(1543, 97, 7, 0, NULL),
	(1544, 97, 8, 0, NULL),
	(1545, 97, 9, 0, NULL),
	(1546, 97, 10, 0, NULL),
	(1547, 97, 11, 0, NULL),
	(1548, 97, 12, 0, NULL),
	(1549, 97, 13, 0, NULL),
	(1550, 97, 14, 0, NULL),
	(1551, 97, 15, 0, NULL),
	(1552, 97, 16, 0, NULL),
	(1553, 98, 2, 0, NULL),
	(1554, 98, 4, 0, NULL),
	(1555, 98, 1, NULL, '22'),
	(1556, 98, 3, NULL, '10'),
	(1557, 98, 5, 0, NULL),
	(1558, 98, 6, 0, NULL),
	(1559, 98, 7, 0, NULL),
	(1560, 98, 8, 0, NULL),
	(1561, 98, 9, 0, NULL),
	(1562, 98, 10, 0, NULL),
	(1563, 98, 11, 0, NULL),
	(1564, 98, 12, 0, NULL),
	(1565, 98, 13, 0, NULL),
	(1566, 98, 14, 0, NULL),
	(1567, 98, 15, 0, NULL),
	(1568, 98, 16, 0, NULL),
	(1569, 99, 2, 0, NULL),
	(1570, 99, 4, 0, NULL),
	(1571, 99, 1, NULL, '25'),
	(1572, 99, 3, NULL, '6'),
	(1573, 99, 5, 0, NULL),
	(1574, 99, 6, 0, NULL),
	(1575, 99, 7, 0, NULL),
	(1576, 99, 8, 0, NULL),
	(1577, 99, 9, 0, NULL),
	(1578, 99, 10, 0, NULL),
	(1579, 99, 11, 0, NULL),
	(1580, 99, 12, 0, NULL),
	(1581, 99, 13, 0, NULL),
	(1582, 99, 14, 0, NULL),
	(1583, 99, 15, 0, NULL),
	(1584, 99, 16, 0, NULL),
	(1585, 100, 2, 0, NULL),
	(1586, 100, 4, 0, NULL),
	(1587, 100, 1, NULL, '23'),
	(1588, 100, 3, NULL, '8'),
	(1589, 100, 5, 0, NULL),
	(1590, 100, 6, 0, NULL),
	(1591, 100, 7, 0, NULL),
	(1592, 100, 8, 0, NULL),
	(1593, 100, 9, 0, NULL),
	(1594, 100, 10, 0, NULL),
	(1595, 100, 11, 0, NULL),
	(1596, 100, 12, 0, NULL),
	(1597, 100, 13, 0, NULL),
	(1598, 100, 14, 0, NULL),
	(1599, 100, 15, 0, NULL),
	(1600, 100, 16, 0, NULL),
	(1601, 101, 2, 0, NULL),
	(1602, 101, 4, 0, NULL),
	(1603, 101, 1, NULL, '20'),
	(1604, 101, 3, NULL, '4'),
	(1605, 101, 5, 0, NULL),
	(1606, 101, 6, 0, NULL),
	(1607, 101, 7, 0, NULL),
	(1608, 101, 8, 0, NULL),
	(1609, 101, 9, 0, NULL),
	(1610, 101, 10, 0, NULL),
	(1611, 101, 11, 0, NULL),
	(1612, 101, 12, 0, NULL),
	(1613, 101, 13, 0, NULL),
	(1614, 101, 14, 0, NULL),
	(1615, 101, 15, 0, NULL),
	(1616, 101, 16, 0, NULL),
	(1617, 102, 2, 0, NULL),
	(1618, 102, 4, 0, NULL),
	(1619, 102, 1, NULL, '25'),
	(1620, 102, 3, NULL, '7'),
	(1621, 102, 5, 0, NULL),
	(1622, 102, 6, 0, NULL),
	(1623, 102, 7, 0, NULL),
	(1624, 102, 8, 0, NULL),
	(1625, 102, 9, 0, NULL),
	(1626, 102, 10, 0, NULL),
	(1627, 102, 11, 0, NULL),
	(1628, 102, 12, 0, NULL),
	(1629, 102, 13, 0, NULL),
	(1630, 102, 14, 0, NULL),
	(1631, 102, 15, 0, NULL),
	(1632, 102, 16, 0, NULL),
	(1633, 103, 2, 0, NULL),
	(1634, 103, 4, 0, NULL),
	(1635, 103, 1, NULL, '20'),
	(1636, 103, 3, NULL, '10'),
	(1637, 103, 5, 0, NULL),
	(1638, 103, 6, 0, NULL),
	(1639, 103, 7, 0, NULL),
	(1640, 103, 8, 0, NULL),
	(1641, 103, 9, 0, NULL),
	(1642, 103, 10, 0, NULL),
	(1643, 103, 11, 0, NULL),
	(1644, 103, 12, 0, NULL),
	(1645, 103, 13, 0, NULL),
	(1646, 103, 14, 0, NULL),
	(1647, 103, 15, 0, NULL),
	(1648, 103, 16, 0, NULL),
	(1649, 104, 2, 0, NULL),
	(1650, 104, 4, 0, NULL),
	(1651, 104, 1, NULL, '19'),
	(1652, 104, 3, NULL, '2'),
	(1653, 104, 5, 0, NULL),
	(1654, 104, 6, 0, NULL),
	(1655, 104, 7, 0, NULL),
	(1656, 104, 8, 0, NULL),
	(1657, 104, 9, 0, NULL),
	(1658, 104, 10, 0, NULL),
	(1659, 104, 11, 0, NULL),
	(1660, 104, 12, 0, NULL),
	(1661, 104, 13, 0, NULL),
	(1662, 104, 14, 0, NULL),
	(1663, 104, 15, 0, NULL),
	(1664, 104, 16, 0, NULL),
	(1665, 105, 2, 0, NULL),
	(1666, 105, 4, 0, NULL),
	(1667, 105, 1, NULL, '20'),
	(1668, 105, 3, NULL, '4'),
	(1669, 105, 5, 0, NULL),
	(1670, 105, 6, 0, NULL),
	(1671, 105, 7, 0, NULL),
	(1672, 105, 8, 0, NULL),
	(1673, 105, 9, 0, NULL),
	(1674, 105, 10, 0, NULL),
	(1675, 105, 11, 0, NULL),
	(1676, 105, 12, 0, NULL),
	(1677, 105, 13, 0, NULL),
	(1678, 105, 14, 0, NULL),
	(1679, 105, 15, 0, NULL),
	(1680, 105, 16, 0, NULL),
	(1681, 106, 2, 0, NULL),
	(1682, 106, 4, 0, NULL),
	(1683, 106, 1, NULL, '19'),
	(1684, 106, 3, NULL, '2'),
	(1685, 106, 5, 0, NULL),
	(1686, 106, 6, 0, NULL),
	(1687, 106, 7, 0, NULL),
	(1688, 106, 8, 0, NULL),
	(1689, 106, 9, 0, NULL),
	(1690, 106, 10, 0, NULL),
	(1691, 106, 11, 0, NULL),
	(1692, 106, 12, 0, NULL),
	(1693, 106, 13, 0, NULL),
	(1694, 106, 14, 0, NULL),
	(1695, 106, 15, 0, NULL),
	(1696, 106, 16, 0, NULL),
	(1697, 107, 2, 0, NULL),
	(1698, 107, 4, 0, NULL),
	(1699, 107, 1, NULL, '21'),
	(1700, 107, 3, NULL, '10'),
	(1701, 107, 5, 0, NULL),
	(1702, 107, 6, 0, NULL),
	(1703, 107, 7, 0, NULL),
	(1704, 107, 8, 0, NULL),
	(1705, 107, 9, 0, NULL),
	(1706, 107, 10, 0, NULL),
	(1707, 107, 11, 0, NULL),
	(1708, 107, 12, 0, NULL),
	(1709, 107, 13, 0, NULL),
	(1710, 107, 14, 0, NULL),
	(1711, 107, 15, 0, NULL),
	(1712, 107, 16, 0, NULL),
	(1713, 108, 2, 0, NULL),
	(1714, 108, 4, 0, NULL),
	(1715, 108, 1, NULL, '19'),
	(1716, 108, 3, NULL, '3'),
	(1717, 108, 5, 0, NULL),
	(1718, 108, 6, 0, NULL),
	(1719, 108, 7, 0, NULL),
	(1720, 108, 8, 0, NULL),
	(1721, 108, 9, 0, NULL),
	(1722, 108, 10, 0, NULL),
	(1723, 108, 11, 0, NULL),
	(1724, 108, 12, 0, NULL),
	(1725, 108, 13, 0, NULL),
	(1726, 108, 14, 0, NULL),
	(1727, 108, 15, 0, NULL),
	(1728, 108, 16, 0, NULL),
	(1729, 109, 2, 0, NULL),
	(1730, 109, 4, 0, NULL),
	(1731, 109, 1, NULL, '23'),
	(1732, 109, 3, NULL, '4'),
	(1733, 109, 5, 0, NULL),
	(1734, 109, 6, 0, NULL),
	(1735, 109, 7, 0, NULL),
	(1736, 109, 8, 0, NULL),
	(1737, 109, 9, 0, NULL),
	(1738, 109, 10, 0, NULL),
	(1739, 109, 11, 0, NULL),
	(1740, 109, 12, 0, NULL),
	(1741, 109, 13, 0, NULL),
	(1742, 109, 14, 0, NULL),
	(1743, 109, 15, 0, NULL),
	(1744, 109, 16, 0, NULL),
	(1745, 110, 2, 0, NULL),
	(1746, 110, 4, 0, NULL),
	(1747, 110, 1, NULL, '22'),
	(1748, 110, 3, NULL, '9'),
	(1749, 110, 5, 0, NULL),
	(1750, 110, 6, 0, NULL),
	(1751, 110, 7, 0, NULL),
	(1752, 110, 8, 0, NULL),
	(1753, 110, 9, 0, NULL),
	(1754, 110, 10, 0, NULL),
	(1755, 110, 11, 0, NULL),
	(1756, 110, 12, 0, NULL),
	(1757, 110, 13, 0, NULL),
	(1758, 110, 14, 0, NULL),
	(1759, 110, 15, 0, NULL),
	(1760, 110, 16, 0, NULL),
	(1761, 111, 2, 0, NULL),
	(1762, 111, 4, 0, NULL),
	(1763, 111, 1, NULL, '21'),
	(1764, 111, 3, NULL, '5'),
	(1765, 111, 5, 0, NULL),
	(1766, 111, 6, 0, NULL),
	(1767, 111, 7, 0, NULL),
	(1768, 111, 8, 0, NULL),
	(1769, 111, 9, 0, NULL),
	(1770, 111, 10, 0, NULL),
	(1771, 111, 11, 0, NULL),
	(1772, 111, 12, 0, NULL),
	(1773, 111, 13, 0, NULL),
	(1774, 111, 14, 0, NULL),
	(1775, 111, 15, 0, NULL),
	(1776, 111, 16, 0, NULL),
	(1777, 112, 2, 0, NULL),
	(1778, 112, 4, 0, NULL),
	(1779, 112, 1, NULL, '24'),
	(1780, 112, 3, NULL, '7'),
	(1781, 112, 5, 0, NULL),
	(1782, 112, 6, 0, NULL),
	(1783, 112, 7, 0, NULL),
	(1784, 112, 8, 0, NULL),
	(1785, 112, 9, 0, NULL),
	(1786, 112, 10, 0, NULL),
	(1787, 112, 11, 0, NULL),
	(1788, 112, 12, 0, NULL),
	(1789, 112, 13, 0, NULL),
	(1790, 112, 14, 0, NULL),
	(1791, 112, 15, 0, NULL),
	(1792, 112, 16, 0, NULL),
	(1793, 113, 2, 0, NULL),
	(1794, 113, 4, 0, NULL),
	(1795, 113, 1, NULL, '19'),
	(1796, 113, 3, NULL, '5'),
	(1797, 113, 5, 0, NULL),
	(1798, 113, 6, 0, NULL),
	(1799, 113, 7, 0, NULL),
	(1800, 113, 8, 0, NULL),
	(1801, 113, 9, 0, NULL),
	(1802, 113, 10, 0, NULL),
	(1803, 113, 11, 0, NULL),
	(1804, 113, 12, 0, NULL),
	(1805, 113, 13, 0, NULL),
	(1806, 113, 14, 0, NULL),
	(1807, 113, 15, 0, NULL),
	(1808, 113, 16, 0, NULL),
	(1809, 114, 2, 0, NULL),
	(1810, 114, 4, 0, NULL),
	(1811, 114, 1, NULL, '22'),
	(1812, 114, 3, NULL, '1'),
	(1813, 114, 5, 0, NULL),
	(1814, 114, 6, 0, NULL),
	(1815, 114, 7, 0, NULL),
	(1816, 114, 8, 0, NULL),
	(1817, 114, 9, 0, NULL),
	(1818, 114, 10, 0, NULL),
	(1819, 114, 11, 0, NULL),
	(1820, 114, 12, 0, NULL),
	(1821, 114, 13, 0, NULL),
	(1822, 114, 14, 0, NULL),
	(1823, 114, 15, 0, NULL),
	(1824, 114, 16, 0, NULL),
	(1825, 115, 2, 0, NULL),
	(1826, 115, 4, 0, NULL),
	(1827, 115, 1, NULL, '20'),
	(1828, 115, 3, NULL, '1'),
	(1829, 115, 5, 0, NULL),
	(1830, 115, 6, 0, NULL),
	(1831, 115, 7, 0, NULL),
	(1832, 115, 8, 0, NULL),
	(1833, 115, 9, 0, NULL),
	(1834, 115, 10, 0, NULL),
	(1835, 115, 11, 0, NULL),
	(1836, 115, 12, 0, NULL),
	(1837, 115, 13, 0, NULL),
	(1838, 115, 14, 0, NULL),
	(1839, 115, 15, 0, NULL),
	(1840, 115, 16, 0, NULL),
	(1841, 116, 2, 0, NULL),
	(1842, 116, 4, 0, NULL),
	(1843, 116, 1, NULL, '25'),
	(1844, 116, 3, NULL, '6'),
	(1845, 116, 5, 0, NULL),
	(1846, 116, 6, 0, NULL),
	(1847, 116, 7, 0, NULL),
	(1848, 116, 8, 0, NULL),
	(1849, 116, 9, 0, NULL),
	(1850, 116, 10, 0, NULL),
	(1851, 116, 11, 0, NULL),
	(1852, 116, 12, 0, NULL),
	(1853, 116, 13, 0, NULL),
	(1854, 116, 14, 0, NULL),
	(1855, 116, 15, 0, NULL),
	(1856, 116, 16, 0, NULL),
	(1857, 117, 2, 0, NULL),
	(1858, 117, 4, 0, NULL),
	(1859, 117, 1, NULL, '19'),
	(1860, 117, 3, NULL, '6'),
	(1861, 117, 5, 0, NULL),
	(1862, 117, 6, 0, NULL),
	(1863, 117, 7, 0, NULL),
	(1864, 117, 8, 0, NULL),
	(1865, 117, 9, 0, NULL),
	(1866, 117, 10, 0, NULL),
	(1867, 117, 11, 0, NULL),
	(1868, 117, 12, 0, NULL),
	(1869, 117, 13, 0, NULL),
	(1870, 117, 14, 0, NULL),
	(1871, 117, 15, 0, NULL),
	(1872, 117, 16, 0, NULL),
	(1873, 118, 2, 0, NULL),
	(1874, 118, 4, 0, NULL),
	(1875, 118, 1, NULL, '24'),
	(1876, 118, 3, NULL, '10'),
	(1877, 118, 5, 0, NULL),
	(1878, 118, 6, 0, NULL),
	(1879, 118, 7, 0, NULL),
	(1880, 118, 8, 0, NULL),
	(1881, 118, 9, 0, NULL),
	(1882, 118, 10, 0, NULL),
	(1883, 118, 11, 0, NULL),
	(1884, 118, 12, 0, NULL),
	(1885, 118, 13, 0, NULL),
	(1886, 118, 14, 0, NULL),
	(1887, 118, 15, 0, NULL),
	(1888, 118, 16, 0, NULL),
	(1889, 119, 2, 0, NULL),
	(1890, 119, 4, 0, NULL),
	(1891, 119, 1, NULL, '23'),
	(1892, 119, 3, NULL, '5'),
	(1893, 119, 5, 0, NULL),
	(1894, 119, 6, 0, NULL),
	(1895, 119, 7, 0, NULL),
	(1896, 119, 8, 0, NULL),
	(1897, 119, 9, 0, NULL),
	(1898, 119, 10, 0, NULL),
	(1899, 119, 11, 0, NULL),
	(1900, 119, 12, 0, NULL),
	(1901, 119, 13, 0, NULL),
	(1902, 119, 14, 0, NULL),
	(1903, 119, 15, 0, NULL),
	(1904, 119, 16, 0, NULL),
	(1905, 120, 2, 0, NULL),
	(1906, 120, 4, 0, NULL),
	(1907, 120, 1, NULL, '22'),
	(1908, 120, 3, NULL, '4'),
	(1909, 120, 5, 0, NULL),
	(1910, 120, 6, 0, NULL),
	(1911, 120, 7, 0, NULL),
	(1912, 120, 8, 0, NULL),
	(1913, 120, 9, 0, NULL),
	(1914, 120, 10, 0, NULL),
	(1915, 120, 11, 0, NULL),
	(1916, 120, 12, 0, NULL),
	(1917, 120, 13, 0, NULL),
	(1918, 120, 14, 0, NULL),
	(1919, 120, 15, 0, NULL),
	(1920, 120, 16, 0, NULL),
	(1921, 121, 2, 0, NULL),
	(1922, 121, 4, 0, NULL),
	(1923, 121, 1, NULL, '21'),
	(1924, 121, 3, NULL, '7'),
	(1925, 121, 5, 0, NULL),
	(1926, 121, 6, 0, NULL),
	(1927, 121, 7, 0, NULL),
	(1928, 121, 8, 0, NULL),
	(1929, 121, 9, 0, NULL),
	(1930, 121, 10, 0, NULL),
	(1931, 121, 11, 0, NULL),
	(1932, 121, 12, 0, NULL),
	(1933, 121, 13, 0, NULL),
	(1934, 121, 14, 0, NULL),
	(1935, 121, 15, 0, NULL),
	(1936, 121, 16, 0, NULL),
	(1937, 122, 2, 0, NULL),
	(1938, 122, 4, 0, NULL),
	(1939, 122, 1, NULL, '24'),
	(1940, 122, 3, NULL, '7'),
	(1941, 122, 5, 0, NULL),
	(1942, 122, 6, 0, NULL),
	(1943, 122, 7, 0, NULL),
	(1944, 122, 8, 0, NULL),
	(1945, 122, 9, 0, NULL),
	(1946, 122, 10, 0, NULL),
	(1947, 122, 11, 0, NULL),
	(1948, 122, 12, 0, NULL),
	(1949, 122, 13, 0, NULL),
	(1950, 122, 14, 0, NULL),
	(1951, 122, 15, 0, NULL),
	(1952, 122, 16, 0, NULL),
	(1953, 123, 2, 0, NULL),
	(1954, 123, 4, 0, NULL),
	(1955, 123, 1, NULL, '21'),
	(1956, 123, 3, NULL, '4'),
	(1957, 123, 5, 0, NULL),
	(1958, 123, 6, 0, NULL),
	(1959, 123, 7, 0, NULL),
	(1960, 123, 8, 0, NULL),
	(1961, 123, 9, 0, NULL),
	(1962, 123, 10, 0, NULL),
	(1963, 123, 11, 0, NULL),
	(1964, 123, 12, 0, NULL),
	(1965, 123, 13, 0, NULL),
	(1966, 123, 14, 0, NULL),
	(1967, 123, 15, 0, NULL),
	(1968, 123, 16, 0, NULL),
	(1969, 124, 2, 0, NULL),
	(1970, 124, 4, 0, NULL),
	(1971, 124, 1, NULL, '22'),
	(1972, 124, 3, NULL, '3'),
	(1973, 124, 5, 0, NULL),
	(1974, 124, 6, 0, NULL),
	(1975, 124, 7, 0, NULL),
	(1976, 124, 8, 0, NULL),
	(1977, 124, 9, 0, NULL),
	(1978, 124, 10, 0, NULL),
	(1979, 124, 11, 0, NULL),
	(1980, 124, 12, 0, NULL),
	(1981, 124, 13, 0, NULL),
	(1982, 124, 14, 0, NULL),
	(1983, 124, 15, 0, NULL),
	(1984, 124, 16, 0, NULL),
	(1985, 125, 2, 0, NULL),
	(1986, 125, 4, 0, NULL),
	(1987, 125, 1, NULL, '21'),
	(1988, 125, 3, NULL, '4'),
	(1989, 125, 5, 0, NULL),
	(1990, 125, 6, 0, NULL),
	(1991, 125, 7, 0, NULL),
	(1992, 125, 8, 0, NULL),
	(1993, 125, 9, 0, NULL),
	(1994, 125, 10, 0, NULL),
	(1995, 125, 11, 0, NULL),
	(1996, 125, 12, 0, NULL),
	(1997, 125, 13, 0, NULL),
	(1998, 125, 14, 0, NULL),
	(1999, 125, 15, 0, NULL),
	(2000, 125, 16, 0, NULL),
	(2001, 126, 2, 0, NULL),
	(2002, 126, 4, 0, NULL),
	(2003, 126, 1, NULL, '25'),
	(2004, 126, 3, NULL, '3'),
	(2005, 126, 5, 0, NULL),
	(2006, 126, 6, 0, NULL),
	(2007, 126, 7, 0, NULL),
	(2008, 126, 8, 0, NULL),
	(2009, 126, 9, 0, NULL),
	(2010, 126, 10, 0, NULL),
	(2011, 126, 11, 0, NULL),
	(2012, 126, 12, 0, NULL),
	(2013, 126, 13, 0, NULL),
	(2014, 126, 14, 0, NULL),
	(2015, 126, 15, 0, NULL),
	(2016, 126, 16, 0, NULL),
	(2017, 127, 2, 0, NULL),
	(2018, 127, 4, 0, NULL),
	(2019, 127, 1, NULL, '22'),
	(2020, 127, 3, NULL, '10'),
	(2021, 127, 5, 0, NULL),
	(2022, 127, 6, 0, NULL),
	(2023, 127, 7, 0, NULL),
	(2024, 127, 8, 0, NULL),
	(2025, 127, 9, 0, NULL),
	(2026, 127, 10, 0, NULL),
	(2027, 127, 11, 0, NULL),
	(2028, 127, 12, 0, NULL),
	(2029, 127, 13, 0, NULL),
	(2030, 127, 14, 0, NULL),
	(2031, 127, 15, 0, NULL),
	(2032, 127, 16, 0, NULL),
	(2033, 128, 2, 0, NULL),
	(2034, 128, 4, 0, NULL),
	(2035, 128, 1, NULL, '22'),
	(2036, 128, 3, NULL, '10'),
	(2037, 128, 5, 0, NULL),
	(2038, 128, 6, 0, NULL),
	(2039, 128, 7, 0, NULL),
	(2040, 128, 8, 0, NULL),
	(2041, 128, 9, 0, NULL),
	(2042, 128, 10, 0, NULL),
	(2043, 128, 11, 0, NULL),
	(2044, 128, 12, 0, NULL),
	(2045, 128, 13, 0, NULL),
	(2046, 128, 14, 0, NULL),
	(2047, 128, 15, 0, NULL),
	(2048, 128, 16, 0, NULL),
	(2049, 129, 2, 0, NULL),
	(2050, 129, 4, 0, NULL),
	(2051, 129, 1, NULL, '20'),
	(2052, 129, 3, NULL, '10'),
	(2053, 129, 5, 0, NULL),
	(2054, 129, 6, 0, NULL),
	(2055, 129, 7, 0, NULL),
	(2056, 129, 8, 0, NULL),
	(2057, 129, 9, 0, NULL),
	(2058, 129, 10, 0, NULL),
	(2059, 129, 11, 0, NULL),
	(2060, 129, 12, 0, NULL),
	(2061, 129, 13, 0, NULL),
	(2062, 129, 14, 0, NULL),
	(2063, 129, 15, 0, NULL),
	(2064, 129, 16, 0, NULL),
	(2065, 130, 2, 0, NULL),
	(2066, 130, 4, 0, NULL),
	(2067, 130, 1, NULL, '20'),
	(2068, 130, 3, NULL, '10'),
	(2069, 130, 5, 0, NULL),
	(2070, 130, 6, 0, NULL),
	(2071, 130, 7, 0, NULL),
	(2072, 130, 8, 0, NULL),
	(2073, 130, 9, 0, NULL),
	(2074, 130, 10, 0, NULL),
	(2075, 130, 11, 0, NULL),
	(2076, 130, 12, 0, NULL),
	(2077, 130, 13, 0, NULL),
	(2078, 130, 14, 0, NULL),
	(2079, 130, 15, 0, NULL),
	(2080, 130, 16, 0, NULL),
	(2081, 131, 2, 0, NULL),
	(2082, 131, 4, 0, NULL),
	(2083, 131, 1, NULL, '23'),
	(2084, 131, 3, NULL, '8'),
	(2085, 131, 5, 0, NULL),
	(2086, 131, 6, 0, NULL),
	(2087, 131, 7, 0, NULL),
	(2088, 131, 8, 0, NULL),
	(2089, 131, 9, 0, NULL),
	(2090, 131, 10, 0, NULL),
	(2091, 131, 11, 0, NULL),
	(2092, 131, 12, 0, NULL),
	(2093, 131, 13, 0, NULL),
	(2094, 131, 14, 0, NULL),
	(2095, 131, 15, 0, NULL),
	(2096, 131, 16, 0, NULL),
	(2097, 132, 2, 0, NULL),
	(2098, 132, 4, 0, NULL),
	(2099, 132, 1, NULL, '25'),
	(2100, 132, 3, NULL, '10'),
	(2101, 132, 5, 0, NULL),
	(2102, 132, 6, 0, NULL),
	(2103, 132, 7, 0, NULL),
	(2104, 132, 8, 0, NULL),
	(2105, 132, 9, 0, NULL),
	(2106, 132, 10, 0, NULL),
	(2107, 132, 11, 0, NULL),
	(2108, 132, 12, 0, NULL),
	(2109, 132, 13, 0, NULL),
	(2110, 132, 14, 0, NULL),
	(2111, 132, 15, 0, NULL),
	(2112, 132, 16, 0, NULL),
	(2113, 133, 2, 0, NULL),
	(2114, 133, 4, 0, NULL),
	(2115, 133, 1, NULL, '20'),
	(2116, 133, 3, NULL, '1'),
	(2117, 133, 5, 0, NULL),
	(2118, 133, 6, 0, NULL),
	(2119, 133, 7, 0, NULL),
	(2120, 133, 8, 0, NULL),
	(2121, 133, 9, 0, NULL),
	(2122, 133, 10, 0, NULL),
	(2123, 133, 11, 0, NULL),
	(2124, 133, 12, 0, NULL),
	(2125, 133, 13, 0, NULL),
	(2126, 133, 14, 0, NULL),
	(2127, 133, 15, 0, NULL),
	(2128, 133, 16, 0, NULL),
	(2129, 134, 2, 0, NULL),
	(2130, 134, 4, 0, NULL),
	(2131, 134, 1, NULL, '24'),
	(2132, 134, 3, NULL, '1'),
	(2133, 134, 5, 0, NULL),
	(2134, 134, 6, 0, NULL),
	(2135, 134, 7, 0, NULL),
	(2136, 134, 8, 0, NULL),
	(2137, 134, 9, 0, NULL),
	(2138, 134, 10, 0, NULL),
	(2139, 134, 11, 0, NULL),
	(2140, 134, 12, 0, NULL),
	(2141, 134, 13, 0, NULL),
	(2142, 134, 14, 0, NULL),
	(2143, 134, 15, 0, NULL),
	(2144, 134, 16, 0, NULL),
	(2145, 135, 2, 0, NULL),
	(2146, 135, 4, 0, NULL),
	(2147, 135, 1, NULL, '25'),
	(2148, 135, 3, NULL, '1'),
	(2149, 135, 5, 0, NULL),
	(2150, 135, 6, 0, NULL),
	(2151, 135, 7, 0, NULL),
	(2152, 135, 8, 0, NULL),
	(2153, 135, 9, 0, NULL),
	(2154, 135, 10, 0, NULL),
	(2155, 135, 11, 0, NULL),
	(2156, 135, 12, 0, NULL),
	(2157, 135, 13, 0, NULL),
	(2158, 135, 14, 0, NULL),
	(2159, 135, 15, 0, NULL),
	(2160, 135, 16, 0, NULL),
	(2161, 136, 2, 0, NULL),
	(2162, 136, 4, 0, NULL),
	(2163, 136, 1, NULL, '21'),
	(2164, 136, 3, NULL, '8'),
	(2165, 136, 5, 0, NULL),
	(2166, 136, 6, 0, NULL),
	(2167, 136, 7, 0, NULL),
	(2168, 136, 8, 0, NULL),
	(2169, 136, 9, 0, NULL),
	(2170, 136, 10, 0, NULL),
	(2171, 136, 11, 0, NULL),
	(2172, 136, 12, 0, NULL),
	(2173, 136, 13, 0, NULL),
	(2174, 136, 14, 0, NULL),
	(2175, 136, 15, 0, NULL),
	(2176, 136, 16, 0, NULL),
	(2177, 137, 2, 0, NULL),
	(2178, 137, 4, 0, NULL),
	(2179, 137, 1, NULL, '25'),
	(2180, 137, 3, NULL, '7'),
	(2181, 137, 5, 0, NULL),
	(2182, 137, 6, 0, NULL),
	(2183, 137, 7, 0, NULL),
	(2184, 137, 8, 0, NULL),
	(2185, 137, 9, 0, NULL),
	(2186, 137, 10, 0, NULL),
	(2187, 137, 11, 0, NULL),
	(2188, 137, 12, 0, NULL),
	(2189, 137, 13, 0, NULL),
	(2190, 137, 14, 0, NULL),
	(2191, 137, 15, 0, NULL),
	(2192, 137, 16, 0, NULL),
	(2193, 138, 2, 0, NULL),
	(2194, 138, 4, 0, NULL),
	(2195, 138, 1, NULL, '23'),
	(2196, 138, 3, NULL, '8'),
	(2197, 138, 5, 0, NULL),
	(2198, 138, 6, 0, NULL),
	(2199, 138, 7, 0, NULL),
	(2200, 138, 8, 0, NULL),
	(2201, 138, 9, 0, NULL),
	(2202, 138, 10, 0, NULL),
	(2203, 138, 11, 0, NULL),
	(2204, 138, 12, 0, NULL),
	(2205, 138, 13, 0, NULL),
	(2206, 138, 14, 0, NULL),
	(2207, 138, 15, 0, NULL),
	(2208, 138, 16, 0, NULL),
	(2209, 139, 2, 0, NULL),
	(2210, 139, 4, 0, NULL),
	(2211, 139, 1, NULL, '24'),
	(2212, 139, 3, NULL, '5'),
	(2213, 139, 5, 0, NULL),
	(2214, 139, 6, 0, NULL),
	(2215, 139, 7, 0, NULL),
	(2216, 139, 8, 0, NULL),
	(2217, 139, 9, 0, NULL),
	(2218, 139, 10, 0, NULL),
	(2219, 139, 11, 0, NULL),
	(2220, 139, 12, 0, NULL),
	(2221, 139, 13, 0, NULL),
	(2222, 139, 14, 0, NULL),
	(2223, 139, 15, 0, NULL),
	(2224, 139, 16, 0, NULL),
	(2225, 140, 2, 0, NULL),
	(2226, 140, 4, 0, NULL),
	(2227, 140, 1, NULL, '22'),
	(2228, 140, 3, NULL, '4'),
	(2229, 140, 5, 0, NULL),
	(2230, 140, 6, 0, NULL),
	(2231, 140, 7, 0, NULL),
	(2232, 140, 8, 0, NULL),
	(2233, 140, 9, 0, NULL),
	(2234, 140, 10, 0, NULL),
	(2235, 140, 11, 0, NULL),
	(2236, 140, 12, 0, NULL),
	(2237, 140, 13, 0, NULL),
	(2238, 140, 14, 0, NULL),
	(2239, 140, 15, 0, NULL),
	(2240, 140, 16, 0, NULL),
	(2241, 141, 2, 0, NULL),
	(2242, 141, 4, 0, NULL),
	(2243, 141, 1, NULL, '22'),
	(2244, 141, 3, NULL, '5'),
	(2245, 141, 5, 0, NULL),
	(2246, 141, 6, 0, NULL),
	(2247, 141, 7, 0, NULL),
	(2248, 141, 8, 0, NULL),
	(2249, 141, 9, 0, NULL),
	(2250, 141, 10, 0, NULL),
	(2251, 141, 11, 0, NULL),
	(2252, 141, 12, 0, NULL),
	(2253, 141, 13, 0, NULL),
	(2254, 141, 14, 0, NULL),
	(2255, 141, 15, 0, NULL),
	(2256, 141, 16, 0, NULL),
	(2257, 142, 2, 0, NULL),
	(2258, 142, 4, 0, NULL),
	(2259, 142, 1, NULL, '22'),
	(2260, 142, 3, NULL, '9'),
	(2261, 142, 5, 0, NULL),
	(2262, 142, 6, 0, NULL),
	(2263, 142, 7, 0, NULL),
	(2264, 142, 8, 0, NULL),
	(2265, 142, 9, 0, NULL),
	(2266, 142, 10, 0, NULL),
	(2267, 142, 11, 0, NULL),
	(2268, 142, 12, 0, NULL),
	(2269, 142, 13, 0, NULL),
	(2270, 142, 14, 0, NULL),
	(2271, 142, 15, 0, NULL),
	(2272, 142, 16, 0, NULL),
	(2273, 143, 2, 0, NULL),
	(2274, 143, 4, 0, NULL),
	(2275, 143, 1, NULL, '25'),
	(2276, 143, 3, NULL, '3'),
	(2277, 143, 5, 0, NULL),
	(2278, 143, 6, 0, NULL),
	(2279, 143, 7, 0, NULL),
	(2280, 143, 8, 0, NULL),
	(2281, 143, 9, 0, NULL),
	(2282, 143, 10, 0, NULL),
	(2283, 143, 11, 0, NULL),
	(2284, 143, 12, 0, NULL),
	(2285, 143, 13, 0, NULL),
	(2286, 143, 14, 0, NULL),
	(2287, 143, 15, 0, NULL),
	(2288, 143, 16, 0, NULL),
	(2289, 144, 2, 0, NULL),
	(2290, 144, 4, 0, NULL),
	(2291, 144, 1, NULL, '23'),
	(2292, 144, 3, NULL, '3'),
	(2293, 144, 5, 0, NULL),
	(2294, 144, 6, 0, NULL),
	(2295, 144, 7, 0, NULL),
	(2296, 144, 8, 0, NULL),
	(2297, 144, 9, 0, NULL),
	(2298, 144, 10, 0, NULL),
	(2299, 144, 11, 0, NULL),
	(2300, 144, 12, 0, NULL),
	(2301, 144, 13, 0, NULL),
	(2302, 144, 14, 0, NULL),
	(2303, 144, 15, 0, NULL),
	(2304, 144, 16, 0, NULL),
	(2305, 145, 2, 0, NULL),
	(2306, 145, 4, 0, NULL),
	(2307, 145, 1, NULL, '20'),
	(2308, 145, 3, NULL, '8'),
	(2309, 145, 5, 0, NULL),
	(2310, 145, 6, 0, NULL),
	(2311, 145, 7, 0, NULL),
	(2312, 145, 8, 0, NULL),
	(2313, 145, 9, 0, NULL),
	(2314, 145, 10, 0, NULL),
	(2315, 145, 11, 0, NULL),
	(2316, 145, 12, 0, NULL),
	(2317, 145, 13, 0, NULL),
	(2318, 145, 14, 0, NULL),
	(2319, 145, 15, 0, NULL),
	(2320, 145, 16, 0, NULL),
	(2321, 146, 2, 0, NULL),
	(2322, 146, 4, 0, NULL),
	(2323, 146, 1, NULL, '25'),
	(2324, 146, 3, NULL, '9'),
	(2325, 146, 5, 0, NULL),
	(2326, 146, 6, 0, NULL),
	(2327, 146, 7, 0, NULL),
	(2328, 146, 8, 0, NULL),
	(2329, 146, 9, 0, NULL),
	(2330, 146, 10, 0, NULL),
	(2331, 146, 11, 0, NULL),
	(2332, 146, 12, 0, NULL),
	(2333, 146, 13, 0, NULL),
	(2334, 146, 14, 0, NULL),
	(2335, 146, 15, 0, NULL),
	(2336, 146, 16, 0, NULL),
	(2337, 147, 2, 0, NULL),
	(2338, 147, 4, 0, NULL),
	(2339, 147, 1, NULL, '22'),
	(2340, 147, 3, NULL, '9'),
	(2341, 147, 5, 0, NULL),
	(2342, 147, 6, 0, NULL),
	(2343, 147, 7, 0, NULL),
	(2344, 147, 8, 0, NULL),
	(2345, 147, 9, 0, NULL),
	(2346, 147, 10, 0, NULL),
	(2347, 147, 11, 0, NULL),
	(2348, 147, 12, 0, NULL),
	(2349, 147, 13, 0, NULL),
	(2350, 147, 14, 0, NULL),
	(2351, 147, 15, 0, NULL),
	(2352, 147, 16, 0, NULL),
	(2353, 148, 2, 0, NULL),
	(2354, 148, 4, 0, NULL),
	(2355, 148, 1, NULL, '21'),
	(2356, 148, 3, NULL, '5'),
	(2357, 148, 5, 0, NULL),
	(2358, 148, 6, 0, NULL),
	(2359, 148, 7, 0, NULL),
	(2360, 148, 8, 0, NULL),
	(2361, 148, 9, 0, NULL),
	(2362, 148, 10, 0, NULL),
	(2363, 148, 11, 0, NULL),
	(2364, 148, 12, 0, NULL),
	(2365, 148, 13, 0, NULL),
	(2366, 148, 14, 0, NULL),
	(2367, 148, 15, 0, NULL),
	(2368, 148, 16, 0, NULL),
	(2369, 149, 2, 0, NULL),
	(2370, 149, 4, 0, NULL),
	(2371, 149, 1, NULL, '23'),
	(2372, 149, 3, NULL, '5'),
	(2373, 149, 5, 0, NULL),
	(2374, 149, 6, 0, NULL),
	(2375, 149, 7, 0, NULL),
	(2376, 149, 8, 0, NULL),
	(2377, 149, 9, 0, NULL),
	(2378, 149, 10, 0, NULL),
	(2379, 149, 11, 0, NULL),
	(2380, 149, 12, 0, NULL),
	(2381, 149, 13, 0, NULL),
	(2382, 149, 14, 0, NULL),
	(2383, 149, 15, 0, NULL),
	(2384, 149, 16, 0, NULL),
	(2385, 150, 2, 0, NULL),
	(2386, 150, 4, 0, NULL),
	(2387, 150, 1, NULL, '19'),
	(2388, 150, 3, NULL, '2'),
	(2389, 150, 5, 0, NULL),
	(2390, 150, 6, 0, NULL),
	(2391, 150, 7, 0, NULL),
	(2392, 150, 8, 0, NULL),
	(2393, 150, 9, 0, NULL),
	(2394, 150, 10, 0, NULL),
	(2395, 150, 11, 0, NULL),
	(2396, 150, 12, 0, NULL),
	(2397, 150, 13, 0, NULL),
	(2398, 150, 14, 0, NULL),
	(2399, 150, 15, 0, NULL),
	(2400, 150, 16, 0, NULL);

/*!40103 SET TIME_ZONE=IFNULL(@OLD_TIME_ZONE, 'system') */;
/*!40101 SET SQL_MODE=IFNULL(@OLD_SQL_MODE, '') */;
/*!40014 SET FOREIGN_KEY_CHECKS=IFNULL(@OLD_FOREIGN_KEY_CHECKS, 1) */;
/*!40101 SET CHARACTER_SET_CLIENT=@OLD_CHARACTER_SET_CLIENT */;
/*!40111 SET SQL_NOTES=IFNULL(@OLD_SQL_NOTES, 1) */;
